,prix
0,568645.3640185301
1,568645.0517536473
2,568644.8835931688
3,568644.451185554
4,568644.4150953774
5,568644.4150449334
6,568644.4139639937
7,568644.4139171529
8,568644.2348300548
9,568643.8747305848
10,568642.9739264266
11,568642.9715243382
12,568641.7126962345
13,568641.7126678898
14,568640.9921989549
15,568640.9921828608
16,568640.7520167808
17,568640.7520022481
18,568640.2595648835
19,568640.2595288523
20,568639.8512235521
21,568638.7102182433
22,568638.7102123582
23,568637.8694946391
24,568637.8694796261
25,568635.707591683
26,568635.3472930798
27,568634.866862554
28,568634.0260799786
29,568634.0237319372
30,568634.0237307361
31,568634.0237103184
32,568634.0225477077
33,568633.9901111072
34,568633.7739447725
35,568633.7498962648
36,568633.7498698417
37,568633.7498662387
38,568633.2442626675
39,568633.2394212583
40,568633.065329423
41,568632.6809537272
42,568632.5849122289
43,568632.092473183
44,568632.0924524049
45,568632.0923039558
46,568632.0204082497
47,568631.3767814012
48,568631.2566814264
49,568631.0188578629
50,568631.0188506567
51,568631.0188339622
52,568631.018824594
53,568631.0188003329
54,568631.0164581767
55,568630.65853668
56,568630.658531996
57,568630.6585315156
58,568630.6585126591
59,568630.6585061735
60,568630.6584903197
61,568630.6573351555
62,568630.6561580121
63,568630.6561576518
64,568630.3629540609
65,568629.8225069968
66,568629.82249919
67,568629.8224828558
68,568629.4621757251
69,568628.0209040851
70,568628.0208962783
71,568628.0208782627
72,568627.6606268606
73,568625.3786260915
74,568624.2976514933
75,568624.297586517
76,568624.2975409974
77,568623.9373568536
78,568622.8444204559
79,568622.8444186543
80,568622.8443994377
81,568622.8443679702
82,568622.4961284512
83,568622.4960852136
84,568621.715383072
85,568621.7130554484
86,568621.6794117986
87,568621.4030677454
88,568621.3431266326
89,568621.3430725856
90,568621.307066482
91,568621.3070016257
92,568621.1749828487
93,568621.1749480184
94,568621.1749432142
95,568619.7937916425
96,568619.0084031466
97,568618.8847160131
98,568618.8847106084
99,568618.7682165286
100,568618.7682149672
101,568618.7682074007
102,568618.7682037975
103,568618.7682035574
104,568618.7646201219
105,568618.7646196415
106,568618.6481113894
107,568618.6480946948
108,568618.6457059381
109,568617.3917020684
110,568617.0914284108
111,568616.9713269948
112,568616.7431418109
113,568616.7431249962
114,568615.6141314504
115,568615.5901321855
116,568615.5300415428
117,568615.337904499
118,568615.2898687369
119,568615.2897972747
120,568615.2897924705
121,568615.1697439004
122,568615.1252872498
123,568615.1217273548
124,568615.115724536
125,568615.1156800974
126,568615.1036960785
127,568614.9295606454
128,568614.7494037772
129,568614.6172563684
130,568614.6172323475
131,568614.5812454605
132,568614.208910593
133,568614.2089020655
134,568614.2089017052
135,568613.4883060602
136,568613.4882879244
137,568613.4882406032
138,568613.1279861985
139,568613.1279267468
140,568612.9118012475
141,568612.0938997648
142,568610.8087668717
143,568610.8087440518
144,568610.8087116237
145,568610.6058040961
146,568610.6057910047
147,568610.5973999095
148,568610.597386698
149,568610.5325399203
150,568610.5313172573
151,568610.5193116196
152,568610.514511046
153,568610.5097104724
154,568610.5096432139
155,568610.4965097958
156,568609.5968928698
157,568609.5968316165
158,568609.5968292144
159,568609.596818405
160,568609.596761956
161,568609.5248608452
162,568609.5248236129
163,568609.2726481718
164,568609.1645181637
165,568607.843383971
166,568607.2357876074
167,568607.1156882332
168,568607.1156827083
169,568607.1144714553
170,568606.9967696054
171,568606.9919704731
172,568606.991965789
173,568606.8742824352
174,568606.8742772707
175,568606.7553705333
176,568606.7553651286
177,568606.6340629086
178,568605.0389505997
179,568605.0089317013
180,568604.2763007528
181,568604.2762839381
182,568604.2762647214
183,568601.1175545423
184,568600.7572184664
185,568597.1420676582
186,568596.7817838278
187,568596.4214741751
188,568596.0610876554
189,568595.2324086027
190,568595.2265437838
191,568595.2265272094
192,568595.2253545099
193,568595.2229419724
194,568595.104043162
195,568594.9863408316
196,568594.9851045968
197,568594.9851013541
198,568594.8662392955
199,568594.8638411706
200,568594.8638402098
201,568594.8638318024
202,568594.8638176301
203,568594.8638088625
204,568594.7461183025
205,568594.7449266264
206,568594.7437257023
207,568594.7437254621
208,568594.7425248984
209,568594.6236221244
210,568594.5118085138
211,568594.1514820463
212,568593.1906659139
213,568592.7102290225
214,568592.2298311652
215,568591.508978857
216,568590.7885511179
217,568590.4280198724
218,568590.427875627
219,568590.4277622483
220,568589.1071108755
221,568588.7468037448
222,568588.7467946169
223,568588.7467315621
224,568588.7466486901
225,568588.6266977648
226,568588.1462617143
227,568587.4255931658
228,568587.4255877611
229,568587.4255839178
230,568586.7049720587
231,568584.5430725856
232,568584.5428485908
233,568584.5428470294
234,568584.5427898597
235,568584.5427616353
236,568584.002651464
237,568583.522236792
238,568583.5222043638
239,568583.5221887502
240,568583.2125097156
241,568583.0972001055
242,568583.0959967794
243,568583.0935960122
244,568583.0924056573
245,568582.8545939841
246,568582.8545903809
247,568582.8533991853
248,568582.8533914987
249,568582.8533866944
250,568582.7356879673
251,568582.6143707342
252,568581.6606339165
253,568581.300321261
254,568581.3002768224
255,568581.1801790096
256,568580.2193610754
257,568580.219281206
258,568580.2192631904
259,568578.766116226
260,568577.9013620096
261,568577.6971947068
262,568577.6971487068
263,568576.2559331555
264,568576.2558732234
265,568576.2555555472
266,568576.2555069049
267,568575.8956236228
268,568575.8956092102
269,568575.4152113529
270,568575.2290110706
271,568573.3734206222
272,568571.6919660874
273,568571.2032650514
274,568571.0843662409
275,568571.079435354
276,568570.9654539786
277,568570.8379142558
278,568570.7252131936
279,568570.722846536
280,568570.6051449263
281,568570.603932232
282,568570.4548838495
283,568570.20264115
284,568570.2002702887
285,568570.20024867
286,568570.200222247
287,568570.1545777638
288,568570.1533719153
289,568568.7013707472
290,568568.593267162
291,568568.5692486804
292,568568.5332293652
293,568568.5212045108
294,568568.449152669
295,568568.4251287826
296,568568.4239331431
297,568568.0995863564
298,568565.446521785
299,568563.3806897529
300,568563.3806621288
301,568563.3567229161
302,568563.3566496524
303,568563.3507152931
304,568563.3387096555
305,568561.0386860174
306,568561.0385995421
307,568560.4021530162
308,568560.1018967738
309,568559.6815078881
310,568559.3117332865
311,568559.192819583
312,568559.0763228609
313,568559.076318297
314,568559.0715227678
315,568559.0715120784
316,568558.9608812561
317,568558.9549903746
318,568558.9549871318
319,568558.9526196335
320,568558.9526049808
321,568558.9490102555
322,568558.5946879281
323,568558.5946839646
324,568558.5934676671
325,568558.5934507324
326,568557.8799494151
327,568556.9214921334
328,568556.8590798723
329,568556.7389754537
330,568556.2549342287
331,568554.0366056162
332,568553.9165156101
333,568552.8233618233
334,568551.7906565906
335,568551.0339507113
336,568550.3132917712
337,568550.3131050088
338,568550.0731504326
339,568550.0731482707
340,568549.9530365256
341,568549.9530359252
342,568548.9922392495
343,568548.896110075
344,568548.8961076728
345,568548.776051296
346,568548.7159642564
347,568548.6317458369
348,568548.6316413461
349,568548.6316359414
350,568548.6316035133
351,568548.6315488657
352,568548.3917129526
353,568547.301279411
354,568547.1847754825
355,568547.0658767922
356,568547.0634802285
357,568547.0634777064
358,568547.0622758215
359,568546.8232407647
360,568546.8220523314
361,568546.7031389882
362,568546.7007665657
363,568546.5818658335
364,568546.5818641521
365,568546.229820806
366,568544.4282226985
367,568544.0559475229
368,568543.3233082871
369,568543.2992633826
370,568543.2752533082
371,568543.2752340914
372,568543.023031627
373,568542.6266942517
374,568541.737929961
375,568541.545746677
376,568541.5457310635
377,568541.5456986352
378,568541.5455953454
379,568541.545517878
380,568541.1854466326
381,568541.185324126
382,568540.1045140709
383,568540.1044919717
384,568540.1044896897
385,568539.383886358
386,568539.023571901
387,568537.9426087127
388,568537.2220032191
389,568536.7415897482
390,568536.1410280204
391,568535.292044355
392,568535.1743314555
393,568535.1731314922
394,568535.1731233251
395,568535.0518215855
396,568534.9400132595
397,568534.9400108574
398,568534.9399910402
399,568534.939973625
400,568534.9341151717
401,568534.9340833441
402,568534.9329137672
403,568534.8128061057
404,568534.6938925224
405,568534.6927203033
406,568534.6915166168
407,568534.6915138544
408,568534.5714231277
409,568534.5714071537
410,568534.5714011486
411,568534.0992438955
412,568533.3786600207
413,568533.2585363854
414,568533.2585231739
415,568531.4569592961
416,568531.4568854319
417,568531.45679115
418,568531.4567262935
419,568531.4565659541
420,568531.4563960064
421,568531.4561770561
422,568531.4561491918
423,568531.0966760663
424,568529.5353114175
425,568527.7517740121
426,568527.6135698576
427,568527.6015906428
428,568527.5895693916
429,568527.5883623422
430,568527.5871973293
431,568527.5871877209
432,568527.4934426191
433,568526.5326990297
434,568526.5326784918
435,568526.532479839
436,568526.5324538965
437,568525.2596018002
438,568523.281603811
439,568523.1602915021
440,568522.9224698603
441,568522.9224577297
442,568522.922440795
443,568522.9188661273
444,568522.8094723804
445,568522.8094663752
446,568522.8035925485
447,568522.8011900998
448,568522.8011665593
449,568522.8011653583
450,568522.6846514612
451,568522.6834750385
452,568522.6822654669
453,568522.6810637021
454,568522.5633801081
455,568522.5609637273
456,568521.8486335481
457,568521.4883289398
458,568521.3681917326
459,568521.3201703829
460,568521.3201595735
461,568521.3141579557
462,568521.2841258458
463,568520.7148513191
464,568520.5634909265
465,568519.806860713
466,568517.7530511332
467,568517.6930193417
468,568517.5248707535
469,568517.284628287
470,568517.0444350633
471,568517.0432039929
472,568516.9123478268
473,568516.7922446091
474,568516.7922337997
475,568516.6721365873
476,568516.6721317831
477,568516.4319295515
478,568516.4319253479
479,568515.9394636023
480,568515.9274483562
481,568515.6032004154
482,568515.4098415493
483,568515.4081985209
484,568515.4081949178
485,568515.350981977
486,568515.0267048507
487,568514.8825861542
488,568513.7295831345
489,568513.7295735262
490,568513.7295543095
491,568513.4412704358
492,568513.4412070207
493,568513.0809721929
494,568512.6005817819
495,568511.8439125345
496,568511.6157261495
497,568511.519626881
498,568511.5194984893
499,568511.5194671421
500,568511.1546530932
501,568510.7990353195
502,568510.6706326463
503,568510.6694305212
504,568510.5529311567
505,568510.5529301959
506,568510.551730593
507,568510.5517301125
508,568509.7180924289
509,568509.7180685281
510,568509.7180134002
511,568509.3457644073
512,568509.2015648803
513,568509.2015408595
514,568509.2014339665
515,568509.141567919
516,568509.1175446332
517,568509.1174749727
518,568509.1163519964
519,568509.1163471922
520,568509.1163099598
521,568508.9974619535
522,568508.9974444183
523,568507.916507653
524,568507.7243489905
525,568507.6761691029
526,568507.5682204525
527,568507.3520132822
528,568507.0013119829
529,568505.9948549703
530,568504.0730893894
531,568504.0728593894
532,568504.0725825487
533,568504.0723477446
534,568504.072183802
535,568503.3525583604
536,568502.992245705
537,568502.9921902168
538,568502.9921718407
539,568502.9921400131
540,568502.5118178215
541,568502.5117859938
542,568502.5117775865
543,568502.5117739834
544,568500.3499298785
545,568499.9896328367
546,568499.2690003195
547,568499.14886047
548,568499.1488404126
549,568499.0253112165
550,568499.0205055985
551,568498.9039942236
552,568498.9027959418
553,568498.8980005326
554,568498.897999812
555,568498.782698129
556,568498.5436868528
557,568498.5436861322
558,568497.9478012705
559,568497.9477844558
560,568497.947732811
561,568497.9477165969
562,568497.6956058921
563,568497.6956022889
564,568497.6955722629
565,568497.4553910496
566,568497.3112754757
567,568497.1671201471
568,568497.0470468355
569,568497.0470264178
570,568497.0469465484
571,568496.9389181486
572,568496.6867252924
573,568496.2663492579
574,568496.2663464955
575,568496.2663418114
576,568496.2662463285
577,568496.2661915608
578,568496.2661832736
579,568496.2660223336
580,568496.2659526732
581,568496.0621942057
582,568495.641808683
583,568495.641717764
584,568495.6416655185
585,568495.6415880512
586,568495.641584448
587,568495.6415394089
588,568495.6414583385
589,568495.6413952836
590,568495.5217478622
591,568495.1613409249
592,568495.1613083766
593,568494.8011207498
594,568494.8011141442
595,568494.8009574078
596,568492.7233010957
597,568492.7232926884
598,568492.4230316418
599,568492.1468100951
600,568491.786387544
601,568491.6063372085
602,568489.624539836
603,568489.62440652
604,568488.3755163363
605,568488.3514894474
606,568488.3502848
607,568488.3479055315
608,568488.3430677255
609,568488.3419039138
610,568488.3358554553
611,568488.2434218936
612,568488.1112902184
613,568488.0632292343
614,568487.8230498226
615,568487.051971648
616,568486.8875611897
617,568486.8875458164
618,568486.742110535
619,568486.7421063314
620,568486.2616989858
621,568486.2616065054
622,568486.2604498998
623,568486.2580778376
624,568486.258006976
625,568486.117564075
626,568486.0274989726
627,568486.0214407856
628,568485.9494262963
629,568485.9494022754
630,568485.948197628
631,568485.8293254807
632,568485.8173054305
633,568485.7332419459
634,568485.7332119198
635,568485.3007951771
636,568485.2408084247
637,568485.180746607
638,568485.1206091235
639,568485.0005484229
640,568484.0998062385
641,568483.379078839
642,568483.030887722
643,568482.7786468241
644,568481.1571536997
645,568481.1571434907
646,568481.1570900443
647,568481.1570498093
648,568481.1570119765
649,568481.1569513237
650,568481.1568840652
651,568481.156850436
652,568481.1568071984
653,568480.4366256734
654,568480.376571062
655,568479.6319314732
656,568479.0193941338
657,568478.3948637678
658,568477.5661258639
659,568477.4099829134
660,568477.3859788444
661,568477.3378770247
662,568477.337861411
663,568477.3307212034
664,568477.2958861178
665,568477.2958548907
666,568477.2935044472
667,568475.1197119944
668,568474.9838880692
669,568474.8795167289
670,568474.8771099565
671,568474.7606062683
672,568474.7594184355
673,568474.7594169943
674,568474.6404994475
675,568474.6404971655
676,568474.4913696342
677,568474.371351931
678,568474.2871539294
679,568473.9509888678
680,568473.9509779382
681,568473.7588260015
682,568473.7588223985
683,568473.722752039
684,568473.7226967909
685,568473.6987779959
686,568473.698752774
687,568473.6519396747
688,568473.6267129426
689,568473.1462994717
690,568473.1462970696
691,568473.1366352696
692,568473.0862262441
693,568473.0862058264
694,568473.086197419
695,568473.0861962179
696,568472.7859856152
697,568472.7258937714
698,568472.629822247
699,568472.5169373049
700,568472.5025223725
701,568472.5013357409
702,568472.5013345398
703,568472.5012901012
704,568472.5000662372
705,568472.4256273201
706,568472.419659932
707,568472.2214744298
708,568472.1121998266
709,568472.089379987
710,568472.0773042084
711,568472.077229023
712,568472.0293084409
713,568472.0292100754
714,568471.9332124151
715,568471.7650680306
716,568471.212598274
717,568471.2123721173
718,568471.2123426917
719,568471.2123423314
720,568471.1525526703
721,568471.1525102735
722,568471.1524898558
723,568471.092496978
724,568471.0924849676
725,568470.9724094941
726,568470.9724058909
727,568470.0355911853
728,568470.0355871017
729,568469.7953735803
730,568469.0483096838
731,568469.0470954281
732,568469.03858603
733,568468.9186017158
734,568468.9065960782
735,568468.8681650662
736,568468.8681350402
737,568468.8680942047
738,568468.8585555117
739,568466.5044913709
740,568466.4444678666
741,568466.3243630875
742,568465.8438123373
743,568465.8436183686
744,568465.8435082329
745,568463.9823245218
746,568463.9823137124
747,568463.4778871645
748,568463.2293932842
749,568462.992781214
750,568462.8714783933
751,568462.8702631769
752,568462.8690759446
753,568462.8690617724
754,568462.8666522375
755,568462.8413252182
756,568462.8112583981
757,568462.7501796564
758,568462.7477620746
759,568462.6324737229
760,568462.6300471333
761,568462.5099679366
762,568462.120699427
763,568460.1389050571
764,568460.138823386
765,568460.1387969631
766,568460.1386528378
767,568460.1385255271
768,568460.1384714801
769,568460.1384570675
770,568460.1383369631
771,568460.138304535
772,568460.1381856316
773,568460.0428413394
774,568459.3823186817
775,568459.2982606017
776,568459.0099895792
777,568458.9979371007
778,568458.8898821579
779,568458.8898749517
780,568458.6136606112
781,568458.3230091191
782,568458.3229598763
783,568458.2413361927
784,568458.2233224516
785,568458.1932951459
786,568458.1812450696
787,568458.0608638102
788,568457.7609096305
789,568457.718877888
790,568457.7007979694
791,568457.4606569911
792,568454.9985182104
793,568454.6382050745
794,568454.638147064
795,568454.5901385655
796,568454.5901373645
797,568454.5900869205
798,568454.4699813009
799,568453.7974409951
800,568453.4371461151
801,568453.0768415066
802,568453.0768256529
803,568453.0767580341
804,568453.076714196
805,568453.0767057887
806,568453.0766641124
807,568452.1280171998
808,568451.0988478411
809,568450.9811218503
810,568450.8610290817
811,568450.8610207945
812,568450.830808408
813,568450.7707952325
814,568450.7409310286
815,568450.7409071279
816,568450.7397147312
817,568450.7373283765
818,568450.6184234406
819,568450.4983073719
820,568450.4971221815
821,568448.2245971707
822,568448.2245647425
823,568448.0442561824
824,568448.0442471746
825,568448.0441949292
826,568447.4439484755
827,568447.4079231552
828,568447.4079207531
829,568447.2037384373
830,568446.7197248363
831,568446.7196719904
832,568445.7744844453
833,568445.4021697553
834,568445.4021685544
835,568443.7807372838
836,568443.7206994869
837,568443.5885894306
838,568443.5525677133
839,568443.3964235618
840,568443.1802163916
841,568443.0709297778
842,568442.8918149356
843,568442.111301478
844,568441.27044684
845,568441.2704276232
846,568441.270410208
847,568441.2104799048
848,568441.2104660927
849,568441.210403038
850,568441.150483544
851,568441.0303635118
852,568440.97028548
853,568440.3698045826
854,568439.0895862421
855,568439.0005922308
856,568439.0004756094
857,568438.9706905544
858,568438.969505484
859,568438.9694797817
860,568438.9694688522
861,568438.7280886364
862,568438.6091784161
863,568438.6091722908
864,568438.6091636432
865,568438.5201637468
866,568438.4878820812
867,568438.4878677888
868,568438.3160186632
869,568437.6794454271
870,568437.6794443462
871,568437.1989382748
872,568436.478370614
873,568435.1932929689
874,568434.3345247568
875,568434.3344683077
876,568434.334450292
877,568434.2805017893
878,568434.2804885778
879,568434.220453183
880,568433.2596159122
881,568433.2115424372
882,568433.091426008
883,568433.0913947809
884,568433.0794275766
885,568433.0794239736
886,568432.8391909952
887,568432.8391422329
888,568432.8391191728
889,568432.7311607939
890,568432.7311439792
891,568432.7311247626
892,568432.7310707156
893,568432.707136307
894,568432.7071158893
895,568432.7046933832
896,568432.5510017638
897,568432.5509642912
898,568432.5149428142
899,568432.5149259996
900,568432.5149151902
901,568432.514853937
902,568432.5148155035
903,568432.5017097094
904,568432.4356943157
905,568432.3107917255
906,568432.2987632679
907,568432.2987296387
908,568432.2086909591
909,568432.2086777478
910,568432.1906200483
911,568431.361881544
912,568431.3499477288
913,568431.2658892884
914,568431.2130409421
915,568431.1902138963
916,568431.0977244861
917,568431.0136688083
918,568430.965594012
919,568430.9535433352
920,568430.9415809351
921,568430.8335121803
922,568430.2689193238
923,568430.268853867
924,568430.100863216
925,568430.0888527741
926,568430.0455106926
927,568430.044406933
928,568430.0431902752
929,568430.0431878732
930,568430.0288029669
931,568429.9086168773
932,568429.9085922559
933,568427.077960868
934,568426.961451655
935,568426.9590263865
936,568426.9578601726
937,568426.9229051027
938,568426.8401412679
939,568426.8401385054
940,568426.8389426258
941,568426.837750109
942,568426.7188478155
943,568426.7164489699
944,568426.5963423895
945,568426.4798060328
946,568426.2453792625
947,568426.2094824538
948,568426.0413386698
949,568425.9692748175
950,568425.7530940702
951,568424.8162735995
952,568424.8138619028
953,568424.7802422739
954,568424.6241101328
955,568424.5400382408
956,568424.4319406609
957,568424.4318794076
958,568423.2332913565
959,568423.0146652833
960,568423.014660479
961,568422.2340310006
962,568422.1139179345
963,568422.1139126499
964,568422.1138987178
965,568422.1138715742
966,568422.0537987069
967,568422.0526745295
968,568421.9337501368
969,568421.837657594
970,568421.3332508634
971,568421.33312055
972,568421.3330995318
973,568421.1530257759
974,568421.1530245749
975,568421.0329237593
976,568420.8287696679
977,568420.792782781
978,568418.7990314157
979,568418.1985243355
980,568417.8141835901
981,568417.800970903
982,568417.7661478278
983,568417.7301177033
984,568417.5980034433
985,568417.4058291672
986,568416.1446390899
987,568415.2199293482
988,568415.2199089305
989,568415.0687232899
990,568415.0686914622
991,568414.9510189178
992,568414.9486080618
993,568414.9486006154
994,568414.9485904064
995,568414.948576114
996,568414.8355880023
997,568414.8355747908
998,568414.7995368595
999,568414.7083820496
1000,568414.7072017834
1001,568414.588286999
1002,568414.5870954432
1003,568414.587086075
1004,568414.4693824236
1005,568414.4681782566
1006,568414.4670013535
1007,568414.078941935
1008,568414.0788983371
1009,568413.958820942
1010,568413.958794519
1011,568413.8387351395
1012,568413.8387183249
1013,568413.8386567113
1014,568413.8386414581
1015,568413.8386246434
1016,568413.4183712356
1017,568413.4183573035
1018,568413.4183544209
1019,568413.118079202
1020,568413.0340229236
1021,568412.9139305154
1022,568412.9006866012
1023,568412.8983073325
1024,568412.8982713013
1025,568412.0731923785
1026,568411.3885515525
1027,568411.3741882651
1028,568411.1843632314
1029,568411.064320066
1030,568411.0595158893
1031,568411.0366936476
1032,568411.0282521086
1033,568410.4277468299
1034,568410.4275468561
1035,568410.4274051329
1036,568410.127508483
1037,568408.9264519258
1038,568408.9264294662
1039,568408.9264174558
1040,568408.9264020824
1041,568408.9263811843
1042,568408.9263291791
1043,568408.9262328553
1044,568408.926205952
1045,568408.9261677588
1046,568408.7342835348
1047,568408.674246939
1048,568407.7252737028
1049,568407.7252460787
1050,568406.1640411689
1051,568405.9238287285
1052,568404.626714819
1053,568404.6266980044
1054,568404.6266643752
1055,568404.5062493664
1056,568404.2664027641
1057,568404.2183129549
1058,568404.218290135
1059,568404.2182818478
1060,568404.2182814875
1061,568403.0413076677
1062,568403.0412884511
1063,568402.697967328
1064,568402.6979664873
1065,568402.697960362
1066,568402.6979583201
1067,568402.5790625123
1068,568402.5778446535
1069,568402.5766603039
1070,568402.5008666089
1071,568402.5007789327
1072,568402.5007188804
1073,568402.4888621722
1074,568402.4589436811
1075,568402.4553607261
1076,568402.140500507
1077,568402.1404488621
1078,568400.242902097
1079,568399.5703091854
1080,568398.2491539745
1081,568398.1651073045
1082,568397.8046997666
1083,568397.4204328853
1084,568397.0000985271
1085,568395.0543944541
1086,568392.9525797386
1087,568392.0516873037
1088,568391.9315984986
1089,568391.931594295
1090,568391.9315612663
1091,568391.8115841583
1092,568391.8115751505
1093,568391.8115447641
1094,568391.8115241061
1095,568391.714264749
1096,568391.7142479343
1097,568391.4512678997
1098,568390.9277312976
1099,568390.927714603
1100,568390.8507392007
1101,568390.8088268422
1102,568390.8088234792
1103,568390.8088138709
1104,568390.8087773592
1105,568390.6887022459
1106,568390.5686139213
1107,568390.5674079529
1108,568390.5674077127
1109,568390.4472965682
1110,568390.4472947665
1111,568389.9499512566
1112,568389.9247425402
1113,568389.8896360187
1114,568389.709734012
1115,568389.6124422267
1116,568389.0131415954
1117,568388.6888512577
1118,568388.6648411833
1119,568388.6132022885
1120,568388.5927821354
1121,568388.328479631
1122,568386.9749816213
1123,568386.5029568435
1124,568386.3828548269
1125,568385.9024482019
1126,568384.9295156954
1127,568384.9295041654
1128,568384.5572496477
1129,568382.9838199096
1130,568382.9837928861
1131,568382.3713348157
1132,568382.3689543462
1133,568382.3665630672
1134,568382.3665606651
1135,568381.8548784892
1136,568381.3864725776
1137,568381.2664029892
1138,568381.1462997716
1139,568380.8820454292
1140,568380.8820448286
1141,568380.7859901187
1142,568380.7619488173
1143,568380.7139208618
1144,568380.7139100524
1145,568380.7138644127
1146,568380.7018317516
1147,568380.6658154391
1148,568380.2094708936
1149,568380.1614411366
1150,568380.1013480917
1151,568380.1001638622
1152,568380.0953933147
1153,568380.0413343158
1154,568380.0173134321
1155,568380.0172786019
1156,568380.0172137454
1157,568379.7891042273
1158,568379.7110615771
1159,568379.6569725522
1160,568379.6569257114
1161,568379.6568644581
1162,568378.9483961165
1163,568378.9196994477
1164,568378.7971823715
1165,568378.795979766
1166,568378.7935847638
1167,568378.5593777844
1168,568378.5593718993
1169,568378.5569450695
1170,568378.5557769339
1171,568378.528022364
1172,568378.2157639669
1173,568378.0956409321
1174,568377.3630255972
1175,568376.5583187859
1176,568375.62146925
1177,568375.5614599179
1178,568375.0690221931
1179,568375.0208597207
1180,568375.0208308956
1181,568374.9008720435
1182,568374.3603917105
1183,568373.8199050119
1184,568373.5196315945
1185,568373.3995371446
1186,568373.399521531
1187,568372.7269668126
1188,568372.7269656116
1189,568371.1175904225
1190,568371.1175579943
1191,568371.0695522582
1192,568369.9766013279
1193,568369.9765899179
1194,568369.9765893174
1195,568369.9525787627
1196,568369.3880375512
1197,568369.3880153318
1198,568368.787570706
1199,568368.4752932122
1200,568368.3900106677
1201,568368.355144355
1202,568368.3551431539
1203,568368.3431639392
1204,568367.8866998898
1205,568367.8386965558
1206,568367.5384835509
1207,568367.145839867
1208,568367.1458348226
1209,568366.9068521312
1210,568366.905641839
1211,568366.6690417792
1212,568366.6666102653
1213,568366.5489388017
1214,568366.5489376008
1215,568366.5453360295
1216,568366.5175911882
1217,568366.5055831484
1218,568366.4240323682
1219,568366.3614470366
1220,568366.3134076713
1221,568366.0972173156
1222,568366.013128609
1223,568366.0011157651
1224,568365.9890861064
1225,568365.9867320599
1226,568365.9770768656
1227,568365.9758566048
1228,568365.7969112298
1229,568364.2355928213
1230,568364.0074100394
1231,568363.6350840597
1232,568363.0344609586
1233,568363.0344603581
1234,568362.7343068048
1235,568360.812626498
1236,568360.0319201528
1237,568359.3233377121
1238,568359.2272577803
1239,568359.1071425522
1240,568358.5546352029
1241,568358.5545613387
1242,568358.5543751768
1243,568357.8940825191
1244,568357.893972023
1245,568357.8939486027
1246,568357.8939257829
1247,568357.2935099821
1248,568356.7050541792
1249,568356.5969073564
1250,568356.4888650245
1251,568356.0925318529
1252,568355.9483218769
1253,568355.8763408967
1254,568355.7922431823
1255,568355.1917511151
1256,568355.1353986023
1257,568355.135393678
1258,568355.1353905553
1259,568355.0153136406
1260,568354.8964131486
1261,568354.7809837945
1262,568354.7763033253
1263,568354.7762980406
1264,568354.7750890696
1265,568354.6586038775
1266,568354.6562019092
1267,568354.6561921808
1268,568354.6561908596
1269,568354.6561852148
1270,568354.6140362504
1271,568354.5372948116
1272,568354.4183696981
1273,568354.4183616511
1274,568354.4159887482
1275,568354.1708545488
1276,568354.1708485435
1277,568353.7024413107
1278,568353.1980153634
1279,568353.1979961467
1280,568353.1979799327
1281,568353.137892893
1282,568353.1378220314
1283,568351.8408366337
1284,568351.54054436
1285,568351.5405419578
1286,568351.5405389552
1287,568350.6758111619
1288,568350.4596352187
1289,568350.3515388399
1290,568350.255428882
1291,568350.2314368233
1292,568350.1112897675
1293,568350.111281
1294,568350.1112757153
1295,568350.1112435274
1296,568349.8110401308
1297,568349.6909650177
1298,568348.7877024421
1299,568348.7841665681
1300,568348.7781193106
1301,568348.7780892844
1302,568348.7661316886
1303,568348.7661112708
1304,568348.7661040645
1305,568348.736027516
1306,568348.7349309627
1307,568348.7337311195
1308,568348.7336302318
1309,568348.7334764982
1310,568348.7334668898
1311,568348.7301207808
1312,568348.7300931567
1313,568348.7288897104
1314,568348.728850076
1315,568348.7277198933
1316,568348.7204583802
1317,568348.7169116967
1318,568348.513929224
1319,568348.513875177
1320,568348.5138175269
1321,568348.4297702563
1322,568347.7416662194
1323,568347.4930470702
1324,568347.3729366463
1325,568347.0726341637
1326,568347.0726113438
1327,568346.9525334683
1328,568346.8324565535
1329,568346.7123533359
1330,568346.4721643158
1331,568346.4721372923
1332,568346.3520406805
1333,568346.3520142575
1334,568344.5745187048
1335,568343.6136273869
1336,568343.6136239038
1337,568342.7248884382
1338,568342.6528444032
1339,568342.6457319396
1340,568342.5326847365
1341,568342.5326631177
1342,568342.5268505443
1343,568342.5268297662
1344,568342.5268289255
1345,568342.5256437351
1346,568342.4966690245
1347,568342.4966498078
1348,568342.4955088159
1349,568342.4954763877
1350,568342.4726625533
1351,568341.8361319543
1352,568341.5358763124
1353,568340.6326928857
1354,568340.6314906405
1355,568340.5990588443
1356,568338.6893589533
1357,568338.6893289272
1358,568338.4960280716
1359,568338.4912082813
1360,568338.4828105803
1361,568338.1657349151
1362,568337.7405232365
1363,568337.3442206915
1364,568337.3442182894
1365,568337.3442146863
1366,568337.3442002737
1367,568337.332219858
1368,568337.3321994402
1369,568337.2721532361
1370,568337.1760709023
1371,568336.8986164837
1372,568335.9870334343
1373,568335.7708660186
1374,568335.1102761026
1375,568335.1102676952
1376,568334.9769553936
1377,568334.8700833592
1378,568334.6046316958
1379,568334.6046244896
1380,568334.6046184843
1381,568334.5193359398
1382,568334.5181541123
1383,568334.5121512935
1384,568334.5073315031
1385,568334.5061652892
1386,568334.5037559946
1387,568334.4593221638
1388,568334.437691358
1389,568334.4376877549
1390,568334.4376517236
1391,568334.22145224
1392,568333.8852271263
1393,568333.8671797559
1394,568333.8263598671
1395,568333.8262974129
1396,568333.8250747499
1397,568333.8227627397
1398,568333.8227038886
1399,568333.8214812257
1400,568333.8191596072
1401,568333.8071311497
1402,568333.8023497928
1403,568333.7891431109
1404,568333.644974571
1405,568333.6209428778
1406,568333.6208984392
1407,568333.524889369
1408,568333.5236703091
1409,568333.5224728681
1410,568333.5128681178
1411,568333.5116178307
1412,568333.508091565
1413,568333.5080855598
1414,568333.5080399201
1415,568333.4768692204
1416,568332.597655633
1417,568332.5879656085
1418,568332.528044313
1419,568332.0836375462
1420,568331.9395332622
1421,568331.5191083452
1422,568331.4470889316
1423,568331.3269941212
1424,568331.1288242326
1425,568331.1287894023
1426,568331.1145155927
1427,568330.9944325526
1428,568330.9186475051
1429,568330.9150191506
1430,568330.9113847909
1431,568330.8755146455
1432,568330.7578267277
1433,568330.7542220338
1434,568330.7518074546
1435,568330.6365096148
1436,568330.6365093746
1437,568330.6365012075
1438,568330.6317166077
1439,568330.6063676093
1440,568330.5140085125
1441,568329.9698218772
1442,568329.3813115469
1443,568329.3813061422
1444,568328.792798094
1445,568328.5045480897
1446,568328.0601610201
1447,568327.7598939682
1448,568327.2194242044
1449,568327.2194073898
1450,568326.5588444971
1451,568326.5588135102
1452,568326.2585858526
1453,568326.2585534244
1454,568325.9582665553
1455,568324.445017178
1456,568324.1447588938
1457,568322.7034860527
1458,568322.0428715152
1459,568321.7306594783
1460,568321.7306354574
1461,568321.4904470379
1462,568319.2204302878
1463,568318.9863877314
1464,568318.8650673756
1465,568318.8650671354
1466,568318.8650542842
1467,568318.8638790625
1468,568318.7437776465
1469,568318.6260724337
1470,568318.6236671025
1471,568318.6236591756
1472,568318.6078611208
1473,568318.6078014289
1474,568318.5035648458
1475,568318.5035553575
1476,568318.5023718486
1477,568318.3822622654
1478,568317.4188241333
1479,568317.4188236529
1480,568316.8736007567
1481,568316.5781474899
1482,568316.5780850357
1483,568316.4580584447
1484,568316.229877104
1485,568314.368247205
1486,568314.2841807178
1487,568313.3953960093
1488,568313.3953377586
1489,568313.3953316333
1490,568313.3952837116
1491,568313.3952819101
1492,568313.3952602913
1493,568313.3952565681
1494,568313.3952470798
1495,568313.395203602
1496,568313.3951568814
1497,568313.3950284898
1498,568313.3950278892
1499,568313.394993059
1500,568313.3948825629
1501,568313.3948480929
1502,568313.3828817294
1503,568313.3828412541
1504,568313.3828298443
1505,568313.3828198756
1506,568313.3713853344
1507,568313.3713763265
1508,568313.3233405644
1509,568313.3111989684
1510,568313.3111779502
1511,568313.3111635377
1512,568313.155200984
1513,568313.1551475375
1514,568313.1551379291
1515,568313.1548797047
1516,568313.035005286
1517,568313.0349890719
1518,568313.0349252964
1519,568313.0345072129
1520,568313.03449244
1521,568313.034270247
1522,568312.9749044343
1523,568312.9748126746
1524,568312.9744684553
1525,568312.9149543138
1526,568312.9149302929
1527,568312.9147050971
1528,568312.9147048569
1529,568312.9144931128
1530,568312.914488789
1531,568312.9144209301
1532,568312.3144740169
1533,568311.8220437386
1534,568311.7619831219
1535,568311.7583823914
1536,568311.7559754988
1537,568311.7535614
1538,568311.7523675621
1539,568311.0353333734
1540,568311.0280130091
1541,568311.0269032442
1542,568311.0268804244
1543,568310.9813080038
1544,568310.9788963071
1545,568310.5249160171
1546,568310.4648650088
1547,568309.9724188766
1548,568308.9515499343
1549,568308.7833370903
1550,568308.651270872
1551,568308.2309213806
1552,568307.9306509659
1553,568307.4501372078
1554,568307.3529342996
1555,568307.3301336768
1556,568307.2700874726
1557,568306.9723400914
1558,568306.8558233118
1559,568306.8558180273
1560,568306.8534368371
1561,568306.7345364651
1562,568306.4943034869
1563,568306.3754068383
1564,568306.375399632
1565,568306.3753969898
1566,568305.6486465937
1567,568304.5196962855
1568,568304.3155115675
1569,568302.7661579612
1570,568302.766150755
1571,568302.7659201545
1572,568302.7658991362
1573,568302.7658924103
1574,568302.465901959
1575,568301.9974974886
1576,568301.4450235284
1577,568301.4209806655
1578,568301.2048059235
1579,568300.8444488294
1580,568300.736297803
1581,568300.2437706004
1582,568300.2436617857
1583,568300.2436114621
1584,568300.2436065377
1585,568300.2434618119
1586,568300.0637995338
1587,568299.8835714436
1588,568299.6914721127
1589,568299.6914670683
1590,568299.5112519495
1591,568298.970753841
1592,568298.9707027966
1593,568298.9704906922
1594,568298.9408448382
1595,568298.9384403477
1596,568298.9348396172
1597,568298.5744386851
1598,568298.3823549676
1599,568298.3342862969
1600,568298.0064264558
1601,568298.0064012338
1602,568297.997950687
1603,568297.9979422797
1604,568297.9739526231
1605,568297.9367598877
1606,568297.9019416168
1607,568297.9007177528
1608,568297.2293501465
1609,568297.2292493789
1610,568297.2292031387
1611,568296.3285677272
1612,568295.5478896066
1613,568295.4277359451
1614,568295.4277155274
1615,568295.1875505281
1616,568295.1874202149
1617,568295.1275188567
1618,568294.8873159045
1619,568294.7670619559
1620,568294.7668301543
1621,568294.7265012524
1622,568294.7264741088
1623,568294.7264715866
1624,568294.7252575711
1625,568294.7252543283
1626,568294.7240935192
1627,568294.6709994392
1628,568294.4838611414
1629,568294.4838570578
1630,568294.3649409523
1631,568294.3649399914
1632,568294.3649284614
1633,568294.3649190932
1634,568294.178631375
1635,568294.1786259703
1636,568293.0136425348
1637,568293.0136281224
1638,568292.2089885696
1639,568292.2077647055
1640,568292.148902731
1641,568292.14890153
1642,568292.1477317129
1643,568291.9687515077
1644,568291.9685515339
1645,568291.9683557637
1646,568291.1280439976
1647,568289.4706126285
1648,568289.2303298069
1649,568289.2302722769
1650,568289.2302692742
1651,568289.2302236346
1652,568288.8100227123
1653,568288.2695558311
1654,568288.2695522279
1655,568288.2694796849
1656,568287.9091248728
1657,568287.188626272
1658,568287.1886214679
1659,568286.9243917469
1660,568286.5640676814
1661,568285.6873174357
1662,568285.6272676286
1663,568283.885697109
1664,568283.8856508688
1665,568283.165121041
1666,568282.9538388725
1667,568282.8313520625
1668,568282.8313503811
1669,568282.744765184
1670,568282.7447351579
1671,568282.71484321
1672,568282.7148380454
1673,568282.7148296381
1674,568282.7136508132
1675,568282.4710480546
1676,568282.3533447635
1677,568281.7358616444
1678,568281.3755679654
1679,568281.3755655633
1680,568281.3755589576
1681,568281.3755280907
1682,568281.3755267697
1683,568281.3755140386
1684,568281.37546972
1685,568281.0152573518
1686,568280.7990736018
1687,568280.474724413
1688,568277.6042648386
1689,568277.541839366
1690,568277.5321817696
1691,568277.5070030793
1692,568277.506910599
1693,568275.8747930377
1694,568275.5144377452
1695,568275.5143674841
1696,568274.7938532698
1697,568273.412645249
1698,568273.2925474362
1699,568273.1484041181
1700,568270.9434223494
1701,568270.7056145195
1702,568270.705599026
1703,568270.7044014649
1704,568270.6142104929
1705,568270.6142050882
1706,568270.5794995953
1707,568270.4606049885
1708,568270.3440924125
1709,568270.3440559008
1710,568270.3429009768
1711,568269.3771418268
1712,568268.4762893866
1713,568267.99593837
1714,568266.4465559386
1715,568266.446541526
1716,568265.4376872292
1717,568264.2727001908
1718,568263.9721689092
1719,568263.612119883
1720,568262.8914579402
1721,568262.5431743428
1722,568262.4230891409
1723,568260.9457873764
1724,568260.9457597523
1725,568260.94571111
1726,568260.9337991538
1727,568260.8856997362
1728,568260.8701281983
1729,568260.8700873628
1730,568260.8665214627
1731,568260.8617040744
1732,568260.2371535308
1733,568260.2131702398
1734,568260.1290755279
1735,568260.1086673852
1736,568259.876863455
1737,568259.4324891164
1738,568258.9317791999
1739,568258.8140781907
1740,568258.8140744674
1741,568258.8140619766
1742,568258.8128644155
1743,568258.8128552875
1744,568258.810467972
1745,568258.6951764977
1746,568258.6951761374
1747,568258.6915722842
1748,568258.6915603939
1749,568258.5726583406
1750,568258.5714670249
1751,568258.5184692686
1752,568258.471647762
1753,568258.4513370239
1754,568258.3336579939
1755,568258.3336309704
1756,568258.3324523857
1757,568258.3312554251
1758,568258.3300493365
1759,568257.2465892975
1760,568257.246588697
1761,568257.2117560136
1762,568256.1176074019
1763,568256.1175977936
1764,568255.036673399
1765,568254.2559622496
1766,568254.2559298214
1767,568254.2559142079
1768,568254.2439482047
1769,568254.213949724
1770,568254.1851282667
1771,568254.1586824748
1772,568254.1334821655
1773,568253.2951581276
1774,568252.8386640521
1775,568252.8386568459
1776,568252.4183958714
1777,568252.4147831305
1778,568252.3523408433
1779,568252.3511133761
1780,568252.3487281023
1781,568252.3475018363
1782,568252.3102730695
1783,568252.2225848335
1784,568252.2225824314
1785,568252.2225800293
1786,568252.1180520728
1787,568252.1179677595
1788,568252.1179654775
1789,568252.117949864
1790,568252.022027269
1791,568252.021975624
1792,568252.0217954675
1793,568252.021757034
1794,568252.0217366163
1795,568252.0217354152
1796,568252.0216957808
1797,568252.0213114467
1798,568252.0206808985
1799,568252.0205704024
1800,568252.020560794
1801,568251.9739590785
1802,568250.8568738858
1803,568250.4366633553
1804,568250.4365840864
1805,568250.2084667614
1806,568250.208421482
1807,568250.208416798
1808,568250.0883628232
1809,568250.0883243898
1810,568249.9790703245
1811,568249.9790378963
1812,568249.9790210816
1813,568249.9670514752
1814,568249.9646625983
1815,568249.9621920504
1816,568249.824126016
1817,568249.6679350238
1818,568249.6678689662
1819,568249.6318952908
1820,568249.6079440677
1821,568249.6078436604
1822,568249.3676919928
1823,568249.3676061181
1824,568249.3675754914
1825,568249.3675544732
1826,568249.3605397746
1827,568249.3568741878
1828,568249.0073900266
1829,568248.9882148758
1830,568248.9881992622
1831,568248.9773934677
1832,568248.9773826583
1833,568248.9772169142
1834,568248.96658407
1835,568248.935326895
1836,568248.7071729382
1837,568248.7071453142
1838,568247.8183694935
1839,568247.8183606057
1840,568247.3499906054
1841,568247.3499821981
1842,568247.10974946
1843,568246.8036240749
1844,568246.803615067
1845,568246.5609633059
1846,568246.5598165488
1847,568246.2089854167
1848,568245.7885520924
1849,568245.7284302225
1850,568245.7283725723
1851,568245.6084639239
1852,568245.6084567177
1853,568245.5484177199
1854,568245.4881358709
1855,568245.488040628
1856,568245.1280348394
1857,568245.127904406
1858,568244.7196455862
1859,568244.599416259
1860,568244.5994144575
1861,568244.3953312277
1862,568244.3952111233
1863,568244.3951928674
1864,568244.3233038872
1865,568244.1791437545
1866,568244.1790766162
1867,568244.1071529258
1868,568243.96302378
1869,568243.758809036
1870,568243.6386016879
1871,568243.1583109637
1872,568243.1583078409
1873,568243.1580863683
1874,568243.0382345293
1875,568243.0382311663
1876,568242.7980076764
1877,568241.8971563171
1878,568240.5040135203
1879,568240.5040123193
1880,568240.504007515
1881,568240.5039798911
1882,568240.4079143718
1883,568239.951546406
1884,568239.7353548493
1885,568239.375055045
1886,568238.9066079376
1887,568238.8945962947
1888,568238.6543382145
1889,568238.6543183974
1890,568238.5703582024
1891,568238.3901985718
1892,568238.2941114338
1893,568238.0370735654
1894,568238.0369527403
1895,568238.0058488186
1896,568237.9457815962
1897,568237.9457389591
1898,568237.8232937054
1899,568237.2371984348
1900,568236.5165700013
1901,568236.1682632237
1902,568235.4476329886
1903,568235.4475236936
1904,568235.0309968856
1905,568234.9120948323
1906,568234.9108972711
1907,568234.9108943886
1908,568234.5505854564
1909,568234.5481700364
1910,568234.4316751158
1911,568234.4304679463
1912,568234.312775945
1913,568234.3127612923
1914,568232.8173551077
1915,568232.8173458597
1916,568232.8173393741
1917,568232.8172704342
1918,568232.817200173
1919,568232.8171553741
1920,568232.8171359173
1921,568232.817095322
1922,568232.8170845126
1923,568232.8169824238
1924,568232.8169724551
1925,568231.6763351463
1926,568231.6763183316
1927,568231.6762132403
1928,568231.6760931358
1929,568231.5922860741
1930,568231.5682351643
1931,568231.4962067428
1932,568230.9557338563
1933,568230.7155130085
1934,568230.3431724961
1935,568230.2470973685
1936,568229.8267198928
1937,568228.4335386625
1938,568226.4758363983
1939,568226.475824628
1940,568225.4189179946
1941,568225.2988169389
1942,568223.9776611275
1943,568222.9004402728
1944,568222.6805392911
1945,568222.661443289
1946,568222.6602417645
1947,568222.6578446004
1948,568222.5437303896
1949,568222.5437231833
1950,568222.5425415961
1951,568222.3011229469
1952,568222.0679828553
1953,568222.06797685
1954,568222.0679528291
1955,568221.9599008888
1956,568221.9598719437
1957,568221.9598318288
1958,568221.9598278654
1959,568221.9527114384
1960,568221.9478039718
1961,568221.9118387037
1962,568221.8037819592
1963,568221.8037651447
1964,568221.7797538693
1965,568221.7773589871
1966,568221.7665470672
1967,568220.8789587189
1968,568220.4345687667
1969,568220.4345453464
1970,568220.4345399417
1971,568219.9061261393
1972,568219.9060937111
1973,568218.3567791387
1974,568218.3567166844
1975,568218.3555096351
1976,568217.0236092823
1977,568216.4470648351
1978,568216.4470300049
1979,568216.4469207099
1980,568216.3867934353
1981,568216.3867673726
1982,568216.3864163074
1983,568216.1828836363
1984,568216.0146913301
1985,568216.0146577009
1986,568216.0145399985
1987,568215.9787112891
1988,568215.9426442925
1989,568215.7144795263
1990,568215.5583305706
1991,568215.4922635319
1992,568215.4742478691
1993,568215.3421185961
1994,568215.1955984116
1995,568215.1860075934
1996,568215.1859816508
1997,568215.1139454226
1998,568215.1138739605
1999,568215.0418131108
2000,568215.0417692728
2001,568214.3212112203
2002,568211.4267622295
2003,568210.7710939522
2004,568210.7710909497
2005,568210.651004907
2006,568210.598036216
2007,568210.5332935689
2008,568210.4107824978
2009,568210.3458000021
2010,568210.3338027718
2011,568210.3325993255
2012,568210.2930936193
2013,568210.2930644338
2014,568209.9374581903
2015,568209.9182438853
2016,568209.8533911024
2017,568209.8281475557
2018,568209.8281283389
2019,568209.8268348144
2020,568209.8221603504
2021,568209.8208932488
2022,568209.8208548153
2023,568209.8196621785
2024,568209.8185428053
2025,568209.8173537715
2026,568209.8161599337
2027,568209.8101523106
2028,568209.8089548695
2029,568209.8077466191
2030,568209.8077406139
2031,568209.806547977
2032,568209.8041110584
2033,568209.7980734092
2034,568209.7956989448
2035,568209.7956905375
2036,568209.7956845324
2037,568209.7933064648
2038,568209.7932872481
2039,568209.7909235932
2040,568209.790918789
2041,568209.3249316603
2042,568208.1238824294
2043,568208.1238807479
2044,568207.5233652605
2045,568207.5233358348
2046,568207.523332472
2047,568207.5233274276
2048,568207.523287793
2049,568206.9108317645
2050,568206.7667039399
2051,568205.8539091571
2052,568205.2533870639
2053,568205.253335419
2054,568205.2532981866
2055,568205.2532657584
2056,568204.953078576
2057,568204.9530617613
2058,568204.1243604893
2059,568203.8842020959
2060,568203.8840717826
2061,568202.1425727252
2062,568202.14247472
2063,568201.5181324375
2064,568201.0617290409
2065,568200.8095175686
2066,568200.2690404783
2067,568199.3682489311
2068,568198.5515572602
2069,568198.5515197876
2070,568198.5515191872
2071,568198.551519067
2072,568198.1912544534
2073,568198.1912214247
2074,568197.4705696908
2075,568197.4705660878
2076,568196.8460777582
2077,568196.7379795779
2078,568196.7379723715
2079,568196.6659180075
2080,568196.6058761273
2081,568196.4137078563
2082,568196.1254476432
2083,568196.1254416379
2084,568195.3323279058
2085,568195.3320955037
2086,568195.2118726621
2087,568194.8642143284
2088,568194.8402919302
2089,568194.8043086464
2090,568194.8043038422
2091,568194.8042738161
2092,568194.6721769712
2093,568194.2638404439
2094,568194.2037853521
2095,568194.1436878634
2096,568194.1436490697
2097,568194.07166869
2098,568193.999605078
2099,568193.6272577196
2100,568193.2429199768
2101,568192.3661877468
2102,568191.5494626869
2103,568191.4701787574
2104,568190.5285841362
2105,568190.4312839435
2106,568190.1801972489
2107,568190.1801648207
2108,568190.1801239853
2109,568190.1801227842
2110,568190.1562448248
2111,568189.75990805
2112,568189.7596161963
2113,568189.7238713197
2114,568189.6758487689
2115,568189.6746501268
2116,568189.6398054329
2117,568189.3995929925
2118,568187.9103090105
2119,568187.9102385093
2120,568187.9102095641
2121,568187.6340532341
2122,568187.6100311494
2123,568187.5379895164
2124,568187.5379883153
2125,568187.1536448075
2126,568187.027529523
2127,568186.9554788823
2128,568186.8533925285
2129,568186.5050607693
2130,568186.3597057178
2131,568186.3369399252
2132,568186.276851084
2133,568186.2768408752
2134,568186.2768174547
2135,568186.2167766554
2136,568186.0366398446
2137,568185.7724419512
2138,568185.7219788787
2139,568185.7208030565
2140,568185.6523291253
2141,568185.5502499779
2142,568185.548951649
2143,568185.5322415213
2144,568185.4961873759
2145,568185.470915004
2146,568185.2559893479
2147,568185.1359047465
2148,568183.9828368706
2149,568183.9828260612
2150,568183.0460853397
2151,568182.5655999263
2152,568182.5654984381
2153,568182.5654648088
2154,568182.565310955
2155,568182.5651231117
2156,568182.5651207096
2157,568182.2053503257
2158,568182.085252753
2159,568182.0131508276
2160,568181.8678605123
2161,568181.8678533061
2162,568181.0042989329
2163,568181.0042970112
2164,568181.0042966509
2165,568180.2596275164
2166,568180.2595530517
2167,568180.2476471006
2168,568180.2355381731
2169,568180.2344079906
2170,568180.2342818809
2171,568180.2342458495
2172,568180.2342206277
2173,568180.234202612
2174,568180.2341593744
2175,568180.2341029253
2176,568180.2340716982
2177,568180.2340524815
2178,568180.1995993279
2179,568180.1803453886
2180,568180.1755231961
2181,568179.9233411493
2182,568179.923317849
2183,568179.5630222484
2184,568179.5150065437
2185,568179.0944164832
2186,568179.0943966659
2187,568179.0938646033
2188,568179.093691653
2189,568178.962244573
2190,568178.8183988738
2191,568178.8183857824
2192,568178.6983050243
2193,568178.2178360651
2194,568177.3771280745
2195,568177.3291049232
2196,568177.1129181706
2197,568177.1129049591
2198,568176.800585429
2199,568176.8004989538
2200,568176.8004845412
2201,568176.8004377005
2202,568176.8003584315
2203,568176.798168928
2204,568176.7958352992
2205,568176.7885833944
2206,568176.7850222983
2207,568176.7838356667
2208,568176.7826142048
2209,568176.778952221
2210,568176.7789113856
2211,568176.7788237093
2212,568176.7766041796
2213,568176.7765645452
2214,568175.7076976735
2215,568175.1792469991
2216,568173.0774211138
2217,568173.0773938502
2218,568172.1526008762
2219,568170.7233630985
2220,568170.6512896378
2221,568170.2549198343
2222,568170.2548904087
2223,568170.254882602
2224,568170.254813662
2225,568169.6544313703
2226,568168.7776222734
2227,568168.7776162683
2228,568168.7775709889
2229,568168.777527391
2230,568168.3332743578
2231,568168.3332659506
2232,568168.0654318959
2233,568167.6366615234
2234,568166.5557439749
2235,568165.7510371637
2236,568165.7509855187
2237,568164.6580511628
2238,568164.6580323064
2239,568164.3697895084
2240,568163.841390719
2241,568163.72126276
2242,568163.6492020304
2243,568163.6491897798
2244,568163.0606897785
2245,568163.0605570632
2246,568163.0366887121
2247,568163.0366730985
2248,568162.8445138354
2249,568162.6283222787
2250,568162.6280910777
2251,568162.6277161117
2252,568162.6275650203
2253,568162.5562323638
2254,568162.4841524175
2255,568162.484096569
2256,568162.4840858798
2257,568162.484041321
2258,568162.484034475
2259,568162.0517975288
2260,568162.0517885209
2261,568162.0517401188
2262,568162.0516841501
2263,568162.0516829491
2264,568162.0516810274
2265,568162.0516806671
2266,568161.7635506472
2267,568161.6554602735
2268,568161.1870764612
2269,568161.0669780477
2270,568161.066972643
2271,568160.9347887224
2272,568160.9107804496
2273,568160.910773844
2274,568160.910761233
2275,568160.8747725445
2276,568160.814755766
2277,568160.7906820362
2278,568160.7787208372
2279,568160.7667031891
2280,568160.766700787
2281,568160.7306646572
2282,568160.6946501462
2283,568160.6586080112
2284,568160.6585767841
2285,568160.6465651412
2286,568160.5985630081
2287,568160.5024662617
2288,568160.4904414074
2289,568160.4784621927
2290,568160.4784573885
2291,568160.4784537853
2292,568160.4784249603
2293,568160.4783961353
2294,568159.9619963778
2295,568159.9139023649
2296,568159.9138921561
2297,568159.7938405834
2298,568159.7937865364
2299,568159.7816920214
2300,568159.7698389164
2301,568159.7698160965
2302,568159.7096978298
2303,568159.7096858193
2304,568159.5656662089
2305,568159.2353790575
2306,568159.2353778565
2307,568159.2353754544
2308,568158.9891054275
2309,568158.9890621899
2310,568158.9890613492
2311,568158.8329908217
2312,568158.8294033026
2313,568158.6888923026
2314,568158.6888018639
2315,568158.6887682347
2316,568158.316460751
2317,568158.3164397327
2318,568158.3164313254
2319,568158.2444641571
2320,568158.1724105139
2321,568156.5870159735
2322,568156.4549521575
2323,568156.0346012247
2324,568156.0345941386
2325,568156.034575042
2326,568156.0345438148
2327,568156.0345334859
2328,568155.9745464933
2329,568155.3740219979
2330,568155.373969152
2331,568155.3738958882
2332,568155.3737319458
2333,568155.3735722068
2334,568155.3733253923
2335,568155.3732887604
2336,568155.3732353139
2337,568155.3139115379
2338,568155.3136869427
2339,568155.0137093425
2340,568153.4763553686
2341,568153.4282661598
2342,568153.4282265254
2343,568153.3682818095
2344,568153.368269799
2345,568153.1280687685
2346,568152.7797569467
2347,568150.5097630164
2348,568150.504940824
2349,568150.0053604894
2350,568148.9387804058
2351,568148.9375673512
2352,568148.9327871953
2353,568148.9244147163
2354,568148.9243930975
2355,568148.9243894944
2356,568148.9243390505
2357,568148.9232208784
2358,568148.9171844303
2359,568148.9160050049
2360,568148.6337187856
2361,568148.6324600913
2362,568148.6313563316
2363,568148.6313251045
2364,568148.6312950784
2365,568148.6312806659
2366,568148.6312686554
2367,568148.6289422328
2368,568148.6265413455
2369,568148.6241128342
2370,568148.6049405658
2371,568148.6001099661
2372,568148.5532500261
2373,568148.5040510526
2374,568148.4560098856
2375,568148.4439982427
2376,568148.3478876844
2377,568147.6993412387
2378,568147.1468543072
2379,568146.8461776993
2380,568146.4502540837
2381,568145.3693185195
2382,568145.3692590678
2383,568145.2852556354
2384,568145.2059506878
2385,568145.2011729339
2386,568145.1891600899
2387,568144.7087520238
2388,568144.4084903765
2389,568144.4084883349
2390,568144.408465515
2391,568143.9628999807
2392,568143.9280672972
2393,568142.7990689473
2394,568142.7990209055
2395,568142.5829074167
2396,568141.0695467026
2397,568140.5289435027
2398,568139.526248761
2399,568139.2679570024
2400,568139.267903556
2401,568139.1479228449
2402,568139.147911435
2403,568139.1478428553
2404,568139.0277631782
2405,568139.0025586654
2406,568138.8056150428
2407,568138.8056114397
2408,568138.6915014326
2409,568138.6914810148
2410,568138.6783139674
2411,568138.1270105448
2412,568137.8267730386
2413,568137.4063793488
2414,568137.4061703671
2415,568137.4061289311
2416,568137.406097704
2417,568137.406017234
2418,568137.4059301583
2419,568136.6245031866
2420,568136.5056076188
2421,568135.9050987371
2422,568134.8721797185
2423,568129.5755940726
2424,568129.5755724538
2425,568129.0830374444
2426,568128.9630531302
2427,568128.9630020858
2428,568128.6868249777
2429,568128.5667157549
2430,568128.4693915413
2431,568128.46454773
2432,568128.1823744089
2433,568128.0622171443
2434,568128.0619423455
2435,568128.0619401835
2436,568127.4617304818
2437,568127.1614592264
2438,568127.0413235805
2439,568126.4408687458
2440,568126.4048230076
2441,568126.2246615755
2442,568126.0325197276
2443,568125.6721554273
2444,568125.1437446275
2445,568124.9034991583
2446,568124.6873286199
2447,568124.6872913876
2448,568124.6872691682
2449,568124.5432165291
2450,568124.4699528336
2451,568123.9426788222
2452,568123.942645193
2453,568123.9426427908
2454,568122.897771581
2455,568122.7776899821
2456,568122.2972511691
2457,568121.6967273945
2458,568121.6366841929
2459,568121.5765767356
2460,568121.5165413409
2461,568121.5165341346
2462,568121.5165203226
2463,568121.5165191216
2464,568121.4565029435
2465,568119.8110531913
2466,568119.8110423819
2467,568119.0544199753
2468,568119.0544031606
2469,568119.0543623251
2470,568118.778182815
2471,568118.7061477877
2472,568118.6339931366
2473,568118.6339596275
2474,568118.2737556666
2475,568117.8173150376
2476,568117.6960311935
2477,568117.4330325427
2478,568117.4318302976
2479,568117.4318278955
2480,568117.1927804679
2481,568116.952596252
2482,568115.4633284842
2483,568114.8628081925
2484,568113.4215479624
2485,568112.7729841017
2486,568112.7729732923
2487,568112.4847238886
2488,568112.0763412411
2489,568112.0762721811
2490,568112.0762079252
2491,568112.0761965154
2492,568111.2476633895
2493,568110.2748139953
2494,568110.1547083756
2495,568108.6894380712
2496,568108.3291152068
2497,568108.1609504046
2498,568044.1213062073
2499,568044.121299001
2500,568043.6528869641
2501,568043.6528521338
2502,568043.5207600931
2503,568043.4727207278
2504,568043.4726594745
2505,568043.472569156
2506,568043.3523773013
2507,568042.6440020406
2508,568042.6439467926
2509,568041.7371998678
2510,568041.7371326094
2511,568041.7360120352
2512,568041.0345551493
2513,568040.3139853267
2514,568039.7854982605
2515,568039.785481446
2516,568038.6925744738
2517,568038.4163379141
2518,568037.2993184185
2519,568037.1792681669
2520,568036.6988418448
2521,568036.6987342313
2522,568036.5787379066
2523,568036.5775404655
2524,568036.0622979142
2525,568035.8580981832
2526,568035.3055980401
2527,568035.2936248307
2528,568034.7171266237
2529,568034.6450315444
2530,568034.500853396
2531,568033.8162726222
2532,568033.8162570087
2533,568033.2157972496
2534,568033.2154942262
2535,568033.2154172392
2536,568033.2153515421
2537,568033.0954440947
2538,568033.0951834682
2539,568033.0950881052
2540,568033.0950810191
2541,568033.0950804185
2542,568033.0949481836
2543,568033.0949384551
2544,568033.0948390086
2545,568033.0948366065
2546,568032.9756143548
2547,568032.9756131538
2548,568032.75937896
2549,568032.7293504532
2550,568032.7293204272
2551,568032.7293168241
2552,568032.7221958331
2553,568032.7220937443
2554,568032.7220469036
2555,568032.722004867
2556,568032.7219352064
2557,568032.7209095148
2558,568032.7208987054
2559,568032.7197024653
2560,568032.7195763558
2561,568031.7264808395
2562,568031.6544551805
2563,568031.6544370448
2564,568031.6544169873
2565,568031.6544044964
2566,568031.462289672
2567,568031.4622824658
2568,568030.9806721543
2569,568030.1158879118
2570,568030.1050604985
2571,568030.1050436839
2572,568030.0330218682
2573,568030.0209970138
2574,568030.0209922096
2575,568030.0208564916
2576,568029.6607257944
2577,568029.0602073042
2578,568029.0601928917
2579,568028.7239053237
2580,568027.8471370622
2581,568027.3427081123
2582,568027.0664595421
2583,568027.0664565394
2584,568027.0184345893
2585,568027.0064205442
2586,568026.9079337199
2587,568026.8863197287
2588,568026.8743008795
2589,568026.8742948744
2590,568026.8742698926
2591,568026.874234702
2592,568025.805304295
2593,568025.8052850784
2594,568024.8925741285
2595,568024.1599458222
2596,568021.6833650856
2597,568020.9531614473
2598,568020.0283517789
2599,568020.0283512984
2600,568020.0283452931
2601,568019.4278329284
2602,568018.8152895839
2603,568018.0706289767
2604,568017.61423699
2605,568015.872600413
2606,568015.8725950083
2607,568015.2721846122
2608,568015.2721384921
2609,568015.2719305914
2610,568015.2719065705
2611,568015.2718435157
2612,568015.2717882677
2613,568015.2717762572
2614,568015.271678372
2615,568015.2121696352
2616,568014.8518313976
2617,568014.6236357646
2618,568014.61163373
2619,568013.2904863259
2620,568013.2064084286
2621,568012.5818816657
2622,568012.4617754455
2623,568011.7530849108
2624,568010.6602077245
2625,568010.6601851449
2626,568009.218957343
2627,568008.5103184531
2628,568008.3902092302
2629,568008.149943944
2630,568008.149889897
2631,568007.78971356
2632,568007.4293603093
2633,568007.4293601891
2634,568007.3092094102
2635,568007.1891302135
2636,568007.0689693458
2637,568007.0689519306
2638,568005.3755769122
2639,568005.3755733091
2640,568003.5740484654
2641,568003.0936061693
2642,568003.0936043678
2643,568001.6523729628
2644,568001.5322060898
2645,568001.2920470958
2646,567999.658421023
2647,567999.6584006053
2648,567999.6581531903
2649,567999.6581147568
2650,567999.6580883338
2651,567999.6580835297
2652,567999.6578601354
2653,567999.5145176736
2654,567999.5144690314
2655,567999.4424504585
2656,567998.0011497532
2657,567998.0010076697
2658,567996.4518059954
2659,567996.0555058526
2660,567995.755246007
2661,567995.7552087746
2662,567995.3949375552
2663,567995.2988588244
2664,567995.298848015
2665,567995.2508146549
2666,567995.2496112086
2667,567995.2495187282
2668,567995.0466065166
2669,567995.0104941204
2670,567994.8544136243
2671,567994.4761435566
2672,567994.4688976571
2673,567994.4100597034
2674,567994.3980660762
2675,567994.3380222742
2676,567993.976506773
2677,567992.6913558642
2678,567992.6901836451
2679,567992.6901632273
2680,567992.6685672518
2681,567992.1520285336
2682,567991.4314809303
2683,567991.1672680238
2684,567991.1192106429
2685,567991.0831516932
2686,567991.081977072
2687,567991.0711730791
2688,567990.8909515947
2689,567990.7829182706
2690,567990.3504747447
2691,567990.2903952716
2692,567990.2303850988
2693,567990.1703527068
2694,567990.1103455366
2695,567989.9662202342
2696,567989.2635997768
2697,567989.2600050515
2698,567989.257545313
2699,567989.2575429109
2700,567989.0774439331
2701,567989.0762344815
2702,567988.9753587804
2703,567988.9453206653
2704,567988.909273726
2705,567988.8852636517
2706,567988.8852084037
2707,567988.8850522679
2708,567988.885024644
2709,567988.884999422
2710,567988.8849609887
2711,567988.8849513802
2712,567988.8612581413
2713,567987.2998949339
2714,567986.3978422903
2715,567986.049617544
2716,567985.798596907
2717,567984.8978179707
2718,567984.5375029133
2719,567984.5374987096
2720,567983.3484611217
2721,567982.1713978241
2722,567982.1713846126
2723,567981.7871135277
2724,567981.787108123
2725,567980.9463207434
2726,567980.8863297873
2727,567980.8382868188
2728,567980.4179225545
2729,567980.3218282103
2730,567979.4930969122
2731,567979.180823622
2732,567978.4602086402
2733,567978.2800639026
2734,567978.0157777325
2735,567977.895679319
2736,567977.8956589013
2737,567977.8596588029
2738,567977.8596539986
2739,567977.8596419882
2740,567977.8595615183
2741,567977.8595531109
2742,567977.847648361
2743,567977.8476159328
2744,567977.8475558806
2745,567977.7635770695
2746,567977.2831780111
2747,567977.2831738074
2748,567976.8603816323
2749,567976.8603648177
2750,567975.445591215
2751,567974.4246652231
2752,567973.7040488
2753,567973.7040453169
2754,567972.7672608775
2755,567972.6110848984
2756,567972.2507223996
2757,567972.2495717993
2758,567971.8304458116
2759,567971.7583873641
2760,567969.4283389425
2761,567969.428298107
2762,567969.42825571
2763,567969.4282250835
2764,567969.068032052
2765,567969.0680063497
2766,567969.0679631121
2767,567968.8878743431
2768,567968.8866648916
2769,567968.7077345297
2770,567968.7077316473
2771,567967.9750638267
2772,567967.0850962098
2773,567967.0262642613
2774,567966.8941439962
2775,567966.8940935523
2776,567966.8940419074
2777,567966.8940064766
2778,567966.8939950666
2779,567965.1526491424
2780,567965.1526467403
2781,567964.9845005542
2782,567964.5641380915
2783,567961.9217584896
2784,567961.2010198002
2785,567961.2009423327
2786,567961.2008228289
2787,567961.200786197
2788,567961.2007795913
2789,567961.0210565403
2790,567960.9152925892
2791,567960.9152805788
2792,567960.9069309196
2793,567960.9069297186
2794,567960.7808356925
2795,567960.42049181
2796,567960.4085095926
2797,567959.9400927515
2798,567959.9268128059
2799,567956.0847547248
2800,567924.7493413504
2801,567922.9479576293
2802,567922.5876077415
2803,567922.587432389
2804,567922.5873699348
2805,567922.5873158878
2806,567921.3986039029
2807,567921.3986013806
2808,567918.6061234433
2809,567918.5640965052
2810,567918.4320195976
2811,567918.431995817
2812,567918.4319888509
2813,567918.430704094
2814,567918.4306701045
2815,567918.4306604961
2816,567917.3871140379
2817,567917.3870683982
2818,567917.0147939433
2819,567916.6424738485
2820,567916.5943924466
2821,567916.59435041
2822,567916.570373965
2823,567916.5583851419
2824,567916.5463566844
2825,567916.4863284959
2826,567916.4862456239
2827,567916.4622619725
2828,567916.4442751348
2829,567916.4382867285
2830,567916.4262690804
2831,567916.4262576704
2832,567916.3782453286
2833,567916.3662324846
2834,567916.3661424062
2835,567916.3421971883
2836,567915.6215622692
2837,567915.2732641391
2838,567915.057087115
2839,567915.0090177236
2840,567913.2315083588
2841,567913.2315055964
2842,567911.1776915727
2843,567911.0575072847
2844,567911.0574033944
2845,567911.0573553526
2846,567911.0572922977
2847,567911.0095790159
2848,567910.3970392745
2849,567910.3970206582
2850,567910.3249730201
2851,567910.3249508009
2852,567909.915348493
2853,567909.9153220701
2854,567909.4962501294
2855,567908.6422476606
2856,567908.4633562125
2857,567908.3792466078
2858,567908.3792418035
2859,567908.2231270776
2860,567908.2231192708
2861,567908.2231120645
2862,567907.9228299996
2863,567907.6825731206
2864,567907.6825302433
2865,567907.6824818412
2866,567907.6824482119
2867,567907.5625623834
2868,567907.4364221172
2869,567907.1902360432
2870,567907.1902218709
2871,567907.1902110615
2872,567907.1302026903
2873,567907.130155249
2874,567907.0701546846
2875,567907.0701235776
2876,567907.070107964
2877,567906.9380043934
2878,567906.9379676414
2879,567906.5657011132
2880,567905.8330779715
2881,567905.4847408076
2882,567905.4846603376
2883,567905.4846255073
2884,567905.4846243062
2885,567905.4846145777
2886,567904.764029622
2887,567904.7640066821
2888,567904.6440232085
2889,567903.3828931835
2890,567903.3793128708
2891,567902.6983112086
2892,567902.3500474285
2893,567902.2899585873
2894,567902.2899537832
2895,567902.2658452232
2896,567902.2658004243
2897,567901.2690949296
2898,567900.788674973
2899,567900.6625797459
2900,567900.6625749418
2901,567900.6445124382
2902,567900.6444980256
2903,567900.6181110849
2904,567900.4883634825
2905,567900.0680478605
2906,567889.1385271471
2907,567889.1385213821
2908,567889.1385180191
2909,567889.0785007603
2910,567889.0784560813
2911,567889.0784527184
2912,567889.0784479142
2913,567888.7301757268
2914,567888.4059058069
2915,567888.3698804865
2916,567888.3218531315
2917,567888.1777278292
2918,567885.6555290322
2919,567883.8539639536
2920,567881.5839968065
2921,567881.5839802321
2922,567881.5839771094
2923,567880.7312478676
2924,567880.4910353071
2925,567880.4910246177
2926,567879.590237034
2927,567879.470143665
2928,567879.350042249
2929,567879.3500236328
2930,567879.3499725884
2931,567879.2299419139
2932,567879.0617940462
2933,567879.013760686
2934,567878.9896779485
2935,567878.9896724238
2936,567878.8215852089
2937,567878.7855526822
2938,567878.7375073117
2939,567878.7254992719
2940,567878.4600480889
2941,567878.457659212
2942,567878.4576111702
2943,567878.0888839993
2944,567878.0887416756
2945,567878.0885399001
2946,567877.1761516707
2947,567877.0440039017
2948,567876.9239450026
2949,567876.7065415923
2950,567875.4946888488
2951,567875.494685486
2952,567875.4946805616
2953,567875.4946687914
2954,567875.4346236682
2955,567875.4345708223
2956,567875.3145113226
2957,567873.5249581271
2958,567873.4649037559
2959,567873.1646718946
2960,567872.6362063272
2961,567871.6273269285
2962,567871.5792629418
2963,567871.2910417626
2964,567871.0867141203
2965,567871.0866684807
2966,567871.0864126583
2967,567853.1072139224
2968,567853.1000169053
2969,567853.0807713732
2970,567853.0807509555
2971,567853.059153779
2972,567853.0579395232
2973,567853.0231632888
2974,567851.9061248169
2975,567851.5458657279
2976,567851.5457702449
2977,567850.715944195
2978,567850.6570852231
2979,567850.2967905834
2980,567850.2967734084
2981,567850.296770526
2982,567850.2211247997
2983,567849.9724834311
2984,567849.1557620944
2985,567848.9035721207
2986,567848.4351642875
2987,567848.4351227314
2988,567848.1805507267
2989,567848.1805375152
2990,567847.4383042185
2991,567847.3422218845
2992,567847.3242074228
2993,567847.2509365212
2994,567847.2497186624
2995,567847.1860693257
2996,567845.7568399552
2997,567845.4205535882
2998,567845.3604941727
2999,567845.0806232531
3000,567845.0806148459
3001,567844.8104255436
3002,567844.7959697758
3003,567844.3336098004
3004,567844.0393479696
3005,567844.0393465282
3006,567843.618975298
3007,567843.618946473
3008,567843.3187052435
3009,567842.9584118049
3010,567842.2377516637
3011,567841.2168172644
3012,567841.216805254
3013,567841.1051621917
3014,567841.1051393718
3015,567841.0499465872
3016,567841.0499297726
3017,567841.0487395378
3018,567840.7244576075
3019,567840.3941704562
3020,567840.3917755741
3021,567840.3040981474
3022,567839.4513645817
3023,567839.0910255034
3024,567837.6497922968
3025,567836.4487324967
3026,567836.4487300946
3027,567835.8482332233
3028,567835.7280793216
3029,567835.4878539098
3030,567835.4878491057
3031,567835.1276047897
3032,567835.1276009463
3033,567834.7792672655
3034,567834.7791723829
3035,567833.5661967832
3036,567832.7855675451
3037,567831.7526563331
3038,567831.344317764
3039,567830.5035529641
3040,567830.5034154445
3041,567830.5033744889
3042,567830.1672900174
3043,567830.1672623934
3044,567830.1612367547
3045,567830.1192422447
3046,567830.1191581716
3047,567830.0231368508
3048,567829.6748002874
3049,567829.1704137343
3050,567829.1703969196
3051,567828.3537144968
3052,567828.3296083389
3053,567828.3295807149
3054,567827.4528863177
3055,567826.9544860091
3056,567826.9484363495
3057,567826.9483726942
3058,567826.9424791704
3059,567826.792322224
3060,567826.6722562388
3061,567826.5521422118
3062,567826.551998687
3063,567826.5519413973
3064,567826.5519335904
3065,567826.5519254233
3066,567826.551869815
3067,567826.5518687341
3068,567826.4320449994
3069,567826.071733545
3070,567824.4383080467
3071,567824.4262879965
3072,567823.7175914565
3073,567823.7175716392
3074,567823.7174137019
3075,567822.8769120506
3076,567822.7568417417
3077,567822.7568238461
3078,567822.7568198827
3079,567822.7567909375
3080,567822.4686015861
3081,567822.0361998564
3082,567821.2555367488
3083,567820.8952314197
3084,567820.3187192807
3085,567820.3187156775
3086,567820.3187108734
3087,567817.9754724645
3088,567817.880600783
3089,567817.8805791643
3090,567817.880571958
3091,567817.5202556994
3092,567817.0770914129
3093,567816.0910574361
3094,567815.9108606932
3095,567814.8299461473
3096,567814.8287198811
3097,567814.8263310043
3098,567813.5207100988
3099,567813.520536548
3100,567813.5204384227
3101,567813.0403511553
3102,567807.4795281017
3103,567807.4783558827
3104,567803.7803420334
3105,567803.7802891874
3106,567803.7802579603
3107,567803.7201810095
3108,567803.7201168737
3109,567803.1437489801
3110,567803.1317229246
3111,567803.1197256943
3112,567802.9996621112
3113,567793.0550174478
3114,567792.5625965376
3115,567791.1333179243
3116,567791.1333089165
3117,567791.0732927385
3118,567789.6559729222
3119,567789.5359231511
3120,567789.5358509683
3121,567789.535781668
3122,567789.5357488795
3123,567789.5357027594
3124,567789.5356571198
3125,567789.5356341798
3126,567789.5356054748
3127,567789.5354637516
3128,567789.535445736
3129,567789.1755918794
3130,567789.1755744643
3131,567789.0555078785
3132,567788.7888280273
3133,567788.5150734254
3134,567788.5018289107
3135,567788.4958140814
3136,567788.4946406612
3137,567788.4910315234
3138,567787.3620758106
3139,567787.3140376462
3140,567787.2659928761
3141,567787.2059394658
3142,567787.2059262543
3143,567786.845561954
3144,567785.1641571424
3145,567784.7437783455
3146,567784.6236902612
3147,567783.7708900375
3148,567783.0863494987
3149,567782.2696424545
3150,567781.3628594984
3151,567781.1646583825
3152,567781.126236979
3153,567781.1261877362
3154,567781.1250431411
3155,567781.1250011045
3156,567781.1214436117
3157,567781.0444375827
3158,567780.8523989045
3159,567780.8163459601
3160,567780.7730591266
3161,567780.7730014764
3162,567780.7718520772
3163,567780.7695208504
3164,567780.7647226788
3165,567780.7646506162
3166,567780.7646061776
3167,567780.7634976138
3168,567780.7634964128
3169,567780.7634327575
3170,567780.7634291543
3171,567780.7527278506
3172,567780.6722506838
3173,567780.6721137648
3174,567780.6721101616
3175,567780.6720753313
3176,567780.6720284907
3177,567780.6720080728
3178,567780.6626123042
3179,567780.657821339
3180,567780.6578153337
3181,567780.6566467177
3182,567780.6121492317
3183,567780.3960033146
3184,567780.384000079
3185,567780.3827858234
3186,567780.3479783618
3187,567779.6753376487
3188,567779.6753292414
3189,567779.6752050534
3190,567779.5216095176
3191,567779.2657811007
3192,567779.2645680461
3193,567779.1925594419
3194,567779.1564968891
3195,567779.1564188212
3196,567779.156385192
3197,567779.156358769
3198,567779.1553318762
3199,567779.1349261355
3200,567778.9546644161
3201,567778.1620286995
3202,567778.1619686474
3203,567778.1020293362
3204,567778.0419597117
3205,567777.8618096894
3206,567777.7416632343
3207,567777.741628404
3208,567777.7414584563
3209,567777.7414161795
3210,567777.7056066868
3211,567777.6216015727
3212,567777.6215395989
3213,567777.6214849513
3214,567777.6213960741
3215,567777.6213546381
3216,567777.5495454072
3217,567777.5495285926
3218,567777.4654691914
3219,567777.4654561001
3220,567777.4654254734
3221,567777.4534660759
3222,567777.4173650898
3223,567777.4053516453
3224,567777.3333502474
3225,567777.2611062386
3226,567777.2610996328
3227,567776.8888815067
3228,567776.8888774232
3229,567776.8888674545
3230,567776.888802358
3231,567776.8887927496
3232,567776.888790828
3233,567776.6847905903
3234,567776.6607745108
3235,567776.564654344
3236,567776.5466651042
3237,567776.540626254
3238,567776.5406094394
3239,567776.5405313715
3240,567776.5346558634
3241,567776.5346306415
3242,567776.5298624961
3243,567776.4805920604
3244,567775.8200447813
3245,567775.8200435803
3246,567774.5589441818
3247,567774.5589381765
3248,567774.5349244991
3249,567771.9046086654
3250,567771.592362639
3251,567771.400198932
3252,567770.9678237456
3253,567770.967765495
3254,567770.0310057971
3255,567769.2694915374
3256,567769.2683373339
3257,567769.0820782004
3258,567769.0820745972
3259,567768.9860871459
3260,567768.9860667281
3261,567768.986035501
3262,567768.9849029164
3263,567768.9500678307
3264,567768.9500671101
3265,567768.8779931691
3266,567768.8779853623
3267,567768.7938780395
3268,567768.6497587423
3269,567768.517646284
3270,567768.5175892343
3271,567768.5175500803
3272,567768.3975827008
3273,567767.9651587518
3274,567767.5928650801
3275,567766.6440275619
3276,567766.0435449829
3277,567765.9594545949
3278,567764.9024300188
3279,567764.890448402
3280,567764.8903715352
3281,567764.8785004144
3282,567764.8782854276
3283,567764.7824090727
3284,567764.4700829367
3285,567764.470036096
3286,567764.4218778273
3287,567764.157819255
3288,567763.4372699703
3289,567763.3171177501
3290,567763.0709229085
3291,567763.0528531987
3292,567759.9902721941
3293,567758.5249868766
3294,567757.1197273455
3295,567757.1077637444
3296,567757.1077169037
3297,567757.107646042
3298,567756.903595841
3299,567756.339108076
3300,567755.7985882286
3301,567754.8977771044
3302,567754.777747631
3303,567754.6576468154
3304,567753.3965396101
3305,567753.3604841436
3306,567753.2403749208
3307,567752.5918466109
3308,567752.5677902964
3309,567751.8591367538
3310,567751.859096759
3311,567751.6189936136
3312,567750.7181792465
3313,567750.7181306042
3314,567750.5380100076
3315,567750.5379937935
3316,567750.5379613653
3317,567750.537912723
3318,567749.8174381432
3319,567749.6492505211
3320,567749.4691353291
3321,567744.8931179446
3322,567744.6529475406
3323,567744.5326737748
3324,567744.5292315822
3325,567744.5292159686
3326,567744.5268294938
3327,567744.5208218708
3328,567744.5207918447
3329,567744.5196304349
3330,567744.5087946142
3331,567744.1124782573
3332,567743.6680913077
3333,567743.5960226513
3334,567742.7911945346
3335,567742.7909122893
3336,567742.7908160856
3337,567742.790757955
3338,567742.7904210621
3339,567742.790295553
3340,567742.7312588266
3341,567742.7311205864
3342,567742.7310402365
3343,567742.6111219798
3344,567742.2868796838
3345,567742.1667590511
3346,567742.1667518448
3347,567742.1066966329
3348,567742.0165726793
3349,567742.0165702772
3350,567741.9986350843
3351,567741.9985798362
3352,567741.9745925817
3353,567740.5333431611
3354,567739.2121993601
3355,567739.2121806238
3356,567739.2120936682
3357,567739.0320577451
3358,567739.0318956042
3359,567738.9119569297
3360,567738.9118703344
3361,567738.9118182091
3362,567738.9118122038
3363,567738.8518993156
3364,567738.3834716651
3365,567737.9631302208
3366,567737.951094557
3367,567737.5547709937
3368,567736.7620319872
3369,567736.7620007601
3370,567736.1255266102
3371,567736.0161631297
3372,567735.9453747864
3373,567735.9333571382
3374,567735.933295885
3375,567735.9308769819
3376,567735.9213569053
3377,567735.8012385545
3378,567735.8012362724
3379,567735.6811335353
3380,567735.6811276502
3381,567735.6810970235
3382,567735.6210604279
3383,567734.6602549846
3384,567734.2999258749
3385,567729.9159966515
3386,567729.9159221868
3387,567729.9159179832
3388,567729.9159106568
3389,567729.9158642965
3390,567729.9158442391
3391,567729.9158237012
3392,567729.1113901275
3393,567728.7030110832
3394,567728.7029186029
3395,567727.4899858804
3396,567726.1568592616
3397,567726.0848062187
3398,567726.0847833989
3399,567725.784517428
3400,567725.7845171877
3401,567725.7845086603
3402,567725.6043644032
3403,567725.3521385182
3404,567725.3520966017
3405,567725.3520902363
3406,567725.3520787063
3407,567725.3520771449
3408,567722.9380455884
3409,567722.9260365878
3410,567722.6495724302
3411,567722.6495105764
3412,567722.6494385138
3413,567722.6492175217
3414,567722.2414221849
3415,567722.2413873546
3416,567721.6409261542
3417,567721.6169008266
3418,567721.4007320898
3419,567721.397121751
3420,567721.3971109416
3421,567721.3526903223
3422,567721.3526747087
3423,567721.2421786436
3424,567720.7605767394
3425,567720.7568883327
3426,567720.7532876022
3427,567720.742544262
3428,567720.6799962828
3429,567720.0315429182
3430,567720.0099205197
3431,567720.0063173871
3432,567720.006313784
3433,567719.3109092
3434,567719.1187445322
3435,567719.0946443796
3436,567719.0946047452
3437,567717.1490326669
3438,567717.100937453
3439,567717.0997508212
3440,567717.0997496203
3441,567717.0997448161
3442,567717.070955787
3443,567716.368337131
3444,567716.296278083
3445,567716.1281421058
3446,567715.6477304364
3447,567715.0471915285
3448,567713.7380149318
3449,567713.7379644879
3450,567712.4289194056
3451,567712.3448601245
3452,567712.2487753885
3453,567712.2427653634
3454,567712.0806032598
3455,567711.4800969003
3456,567711.4800668742
3457,567710.9035950903
3458,567710.8555623306
3459,567710.7834882694
3460,567710.7414661355
3461,567710.4327689545
3462,567710.3751410529
3463,567710.303071796
3464,567709.4082842686
3465,567709.3902842194
3466,567709.3902824179
3467,567708.8858348517
3468,567708.6336078858
3469,567708.6335891496
3470,567708.3273553101
3471,567708.3093444515
3472,567708.2072412831
3473,567707.8769727481
3474,567707.660786596
3475,567707.636730882
3476,567707.4445824283
3477,567707.4444671281
3478,567707.4444659271
3479,567707.4443968671
3480,567706.7359357317
3481,567706.6999488447
3482,567706.4356770872
3483,567705.1626038786
3484,567705.1625696489
3485,567704.021597489
3486,567704.0215908833
3487,567704.0215608571
3488,567703.6733162936
3489,567703.0726967957
3490,567703.0726727748
3491,567703.0725322526
3492,567703.0725244458
3493,567702.7376800525
3494,567702.7365066324
3495,567702.7352263193
3496,567702.7351986952
3497,567702.7351842828
3498,567702.7340757189
3499,567702.7340649095
3500,567702.7327894006
3501,567702.7316940483
3502,567702.7292427171
3503,567702.7256167647
3504,567702.7244793759
3505,567702.7232903421
3506,567702.7220808907
3507,567702.7220784886
3508,567702.7208282015
3509,567702.7208173921
3510,567702.7196884106
3511,567702.7184777581
3512,567702.7160732676
3513,567702.5911562649
3514,567702.5899660301
3515,567702.5898915654
3516,567702.5898711476
3517,567702.5898591372
3518,567702.5887109389
3519,567702.5875543334
3520,567702.5875110958
3521,567702.5863689028
3522,567702.5838863445
3523,567702.582732141
3524,567702.5803384599
3525,567702.5802255617
3526,567702.5801895305
3527,567702.5801402876
3528,567702.5801090605
3529,567702.5791254053
3530,567702.5779039434
3531,567702.5778366849
3532,567702.5755090612
3533,567702.5754526121
3534,567702.5743560588
3535,567702.573135798
3536,567702.5730469207
3537,567702.5730204977
3538,567702.5707060855
3539,567702.5659463474
3540,567702.5646792458
3541,567702.4002046518
3542,567702.3761393294
3543,567702.3521592811
3544,567702.2079991485
3545,567702.1887860447
3546,567702.1887740343
3547,567702.1876078204
3548,567702.1838941918
3549,567702.1828108499
3550,567702.1358997454
3551,567701.6555655433
3552,567700.3944380404
3553,567700.3944188238
3554,567698.9407968464
3555,567698.9407343921
3556,567698.9407199796
3557,567698.6769436527
3558,567698.6768896057
3559,567698.4007275107
3560,567698.3887110637
3561,567698.2926293303
3562,567698.2926251265
3563,567698.2205720837
3564,567698.2205588722
3565,567698.2205474623
3566,567698.2204417705
3567,567698.2204255564
3568,567698.2204231543
3569,567697.9803416276
3570,567697.7877914247
3571,567697.7156218806
3572,567697.7155612279
3573,567696.9954129717
3574,567696.3469454348
3575,567696.3253243575
3576,567696.3241064986
3577,567695.1578601653
3578,567694.5573869545
3579,567694.2438859572
3580,567694.2438619363
3581,567694.2427185422
3582,567694.2391178118
3583,567694.2391021982
3584,567694.2211009479
3585,567693.9568422817
3586,567693.2482523944
3587,567693.128149417
3588,567693.0560748755
3589,567692.7677696232
3590,567692.6477064004
3591,567692.4555239571
3592,567692.419533467
3593,567692.4195118482
3594,567692.2874126013
3595,567692.0820364475
3596,567691.9150624805
3597,567691.9030832659
3598,567691.854908783
3599,567691.8548307151
3600,567690.9299852555
3601,567690.9297516524
3602,567690.4858421179
3603,567690.4497861709
3604,567690.4497513407
3605,567690.4497369281
3606,567690.3621423735
3607,567690.360932922
3608,567689.7532165741
3609,567689.58507279
3610,567688.9244804718
3611,567688.7491184121
3612,567688.7491148091
3613,567688.2518337534
3614,567688.2516885472
3615,567688.2516753357
3616,567688.2516651269
3617,567688.251383482
3618,567688.0596546732
3619,567688.0596493885
3620,567687.6993481431
3621,567687.6992293597
3622,567687.6992106235
3623,567687.3750863903
3624,567687.1349306391
3625,567686.9908005325
3626,567686.8346767988
3627,567686.594430729
3628,567686.594360468
3629,567686.5943208336
3630,567686.4742482426
3631,567685.0090740216
3632,567683.7479830305
3633,567683.627889181
3634,567683.0093402553
3635,567682.7270071952
3636,567682.6549379383
3637,567682.6549216041
3638,567682.0544447902
3639,567682.0544002315
3640,567682.0543113542
3641,567682.0542663151
3642,567681.814308496
3643,567681.417951904
3644,567681.3854888807
3645,567681.297867903
3646,567681.0336309758
3647,567681.0336307356
3648,567681.0336183648
3649,567680.7153614726
3650,567680.6852657074
3651,567680.1688443312
3652,567679.5923851582
3653,567679.5563334149
3654,567679.5563141982
3655,567677.4064775325
3656,567676.6738399782
3657,567676.6738230435
3658,567676.3135315265
3659,567676.0492837897
3660,567675.7009994717
3661,567675.5868991931
3662,567675.5868871827
3663,567675.5808819617
3664,567675.5508462486
3665,567675.5472587297
3666,567675.5436327773
3667,567675.5400464593
3668,567675.5376551803
3669,567675.5376227521
3670,567675.5340184185
3671,567675.5268289681
3672,567675.5268217619
3673,567675.5267785243
3674,567675.5256339291
3675,567675.5243944515
3676,567675.508833723
3677,567675.2301494352
3678,567675.1725365466
3679,567675.1244785651
3680,567675.064448455
3681,567675.064433442
3682,567674.9443374305
3683,567674.7041299144
3684,567674.7040913609
3685,567674.4158835133
3686,567673.9822993557
3687,567673.9594795161
3688,567673.827347841
3689,567673.6952353826
3690,567673.3589610261
3691,567673.3349137193
3692,567673.3348860954
3693,567672.9625635985
3694,567672.9506011985
3695,567672.5902855404
3696,567672.1939433609
3697,567671.917658279
3698,567671.3771420347
3699,567671.3771240191
3700,567671.3770435491
3701,567671.3171914337
3702,567670.4163781477
3703,567670.4043430844
3704,567670.4043238676
3705,567670.4043130582
3706,567670.2962040685
3707,567670.2961956612
3708,567670.2961704392
3709,567670.2362497442
3710,567670.236228726
3711,567669.9239230077
3712,567669.9239228877
3713,567669.9239226474
3714,567669.7918165545
3715,567669.6236943892
3716,567669.6236313344
3717,567669.5156184281
3718,567669.3834801472
3719,567669.3834334266
3720,567669.3834233378
3721,567668.4466086322
3722,567668.002300351
3723,567667.9902959144
3724,567667.4137250443
3725,567667.3897558055
3726,567666.7532069506
3727,567666.7531531438
3728,567666.7531443762
3729,567666.7531159115
3730,567666.7530810812
3731,567666.2848143706
3732,567666.254789467
3733,567666.2427790251
3734,567666.1526766903
3735,567665.8284151776
3736,567665.7911840089
3737,567665.7899673511
3738,567665.6242172482
3739,567665.6242148461
3740,567665.13181015
3741,567665.0836728995
3742,567665.0835912285
3743,567617.3770339993
3744,567617.3758449656
3745,567617.3734404751
3746,567617.373435671
3747,567617.3698481519
3748,567617.3686663245
3749,567617.3686543141
3750,567617.3686374994
3751,567617.368625489
3752,567617.3685930608
3753,567617.36743045
3754,567617.355444029
3755,567617.3554103998
3756,567617.354247789
3757,567617.354056823
3758,567617.3458645006
3759,567617.3386294104
3760,567617.3374427787
3761,567617.1080289267
3762,567616.9699184535
3763,567616.8257847438
3764,567616.8077943029
3765,567616.8077919008
3766,567616.6576691844
3767,567616.3934018706
3768,567616.1531993989
3769,567615.1563621496
3770,567615.1323430674
3771,567615.0590523486
3772,567613.570974215
3773,567611.0006928152
3774,567607.7819340298
3775,567607.7098875927
3776,567607.5885803283
3777,567607.5657616898
3778,567607.5657592877
3779,567607.4336324168
3780,567607.4322884483
3781,567607.1573934549
3782,567607.1213765418
3783,567607.1081518444
3784,567607.0492634468
3785,567606.9651951579
3786,567606.9051345413
3787,567606.8571348104
3788,567606.7249478872
3789,567606.7248289838
3790,567606.7247052763
3791,567606.7246848585
3792,567606.7238237099
3793,567606.723745642
3794,567606.7214060079
3795,567606.7213879923
3796,567606.7213651724
3797,567606.7213387494
3798,567606.7201425094
3799,567606.720021204
3800,567606.7199383319
3801,567606.7199287235
3802,567606.7117508136
3803,567606.71167755
3804,567606.7116739468
3805,567606.6997848104
3806,567606.6996226695
3807,567606.6996166642
3808,567606.6865517056
3809,567606.460793832
3810,567605.8962772419
3811,567605.8962604272
3812,567605.8962538214
3813,567605.8961307144
3814,567605.8959229338
3815,567605.5720291809
3816,567605.3918609028
3817,567605.3077493764
3818,567605.3005935551
3819,567605.2945907363
3820,567605.2873784659
3821,567604.9835130856
3822,567604.9834811379
3823,567604.3829825851
3824,567604.0827321077
3825,567604.0827310267
3826,567604.0827280241
3827,567603.5422536964
3828,567603.0198034387
3829,567603.0185555537
3830,567603.0185399401
3831,567603.0185111151
3832,567603.0184762848
3833,567603.0183333606
3834,567603.0161798883
3835,567603.0160669902
3836,567603.0160645881
3837,567603.0159624993
3838,567603.0148431262
3839,567603.0148082959
3840,567603.0148034916
3841,567603.0148022906
3842,567603.0147470426
3843,567603.0137321602
3844,567603.0137021341
3845,567603.0136829175
3846,567603.01258156
3847,567602.3532269177
3848,567601.9328236196
3849,567601.9328188153
3850,567601.9327611652
3851,567601.9316598077
3852,567601.9244139082
3853,567601.9244018977
3854,567601.9219673811
3855,567601.9219289478
3856,567601.9196205408
3857,567601.9160150061
3858,567601.9087294721
3859,567601.9076293156
3860,567601.9076269135
3861,567601.907610099
3862,567601.0560973947
3863,567601.0560595618
3864,567600.9960162402
3865,567600.9119732934
3866,567600.8747469288
3867,567600.8734858325
3868,567600.8279062056
3869,567600.695790144
3870,567599.434633696
3871,567599.4346024687
3872,567598.6659978448
3873,567598.6659960432
3874,567598.6659492025
3875,567598.2335847053
3876,567597.77122473
3877,567597.5129328513
3878,567597.212759601
3879,567597.0769767516
3880,567597.076962339
3881,567597.0566058411
3882,567597.0565890265
3883,567597.056412473
3884,567597.0563079822
3885,567597.0504456855
3886,567597.0504240667
3887,567597.0494175917
3888,567597.0467512736
3889,567597.0466371743
3890,567597.0458096549
3891,567597.0457760256
3892,567597.0457676183
3893,567597.0457363912
3894,567597.0421800994
3895,567597.0421644858
3896,567597.0421248514
3897,567597.0410066792
3898,567597.0397936245
3899,567597.0397179588
3900,567597.0397167577
3901,567597.0289361852
3902,567597.025372687
3903,567597.0217443325
3904,567597.0085808883
3905,567597.0085364496
3906,567588.1688932735
3907,567588.1688344222
3908,567587.9393965492
3909,567586.6675790325
3910,567586.4873173131
3911,567586.3671213749
3912,567586.3669666804
3913,567586.3669096308
3914,567586.127113112
3915,567586.1269836394
3916,567586.1269715088
3917,567586.0068497951
3918,567585.526538413
3919,567585.5264783608
3920,567585.5264435305
3921,567585.5264357236
3922,567584.926067364
3923,567584.9260403406
3924,567584.9260175207
3925,567584.5897611799
3926,567584.5897515715
3927,567584.5657599933
3928,567584.2054370089
3929,567582.9083245407
3930,567582.3918791435
3931,567582.391835906
3932,567582.1516060504
3933,567582.1511518155
3934,567582.1511516954
3935,567582.0447545538
3936,567582.0375434846
3937,567582.0363376362
3938,567582.0351173753
3939,567582.0351065659
3940,567582.0351017617
3941,567582.0350501168
3942,567581.9594395811
3943,567581.9546954565
3944,567581.954679843
3945,567581.7913528467
3946,567581.647231748
3947,567581.6340070504
3948,567581.6339926379
3949,567581.4910893979
3950,567581.4910875964
3951,567581.1907833122
3952,567579.1970944012
3953,567578.4282976101
3954,567578.4282375579
3955,567577.7197968403
3956,567577.5636646992
3957,567576.987144273
3958,567576.9631474101
3959,567576.963092162
3960,567576.961921144
3961,567576.7469554931
3962,567576.7469024069
3963,567576.7468177333
3964,567576.6268361815
3965,567575.6059626752
3966,567575.545875035
3967,567575.173584366
3968,567574.8132731518
3969,567574.0326104044
3970,567573.9725161585
3971,567573.9725089523
3972,567573.9125059857
3973,567573.3840213218
3974,567573.3840165175
3975,567573.1318182567
3976,567571.8827425116
3977,567571.5464501394
3978,567571.539210245
3979,567571.5391982346
3980,567571.4923166758
3981,567571.4503293721
3982,567571.4503041501
3983,567571.2954283012
3984,567571.2521931126
3985,567571.2521919116
3986,567571.1260762668
3987,567571.0420097795
3988,567570.5135221129
3989,567570.1411996161
3990,567570.1172003512
3991,567570.1171415
3992,567570.1171174791
3993,567570.1170898551
3994,567569.6608083644
3995,567569.4265591084
3996,567569.4253880903
3997,567569.424183443
3998,567569.4229703883
3999,567569.2644667855
4000,567569.0843047529
4001,567569.0842663194
4002,567569.011029047
4003,567569.0001319731
4004,567552.8461885522
4005,567552.4858328993
4006,567552.1255608392
4007,567550.7923921839
4008,567550.2038499059
4009,567549.7113702645
4010,567549.7113646197
4011,567549.7113237842
4012,567548.5102635036
4013,567548.510060287
4014,567548.5100479162
4015,567548.5100471956
4016,567547.5495876531
4017,567546.6487926228
4018,567545.8681176249
4019,567545.8681158234
4020,567545.507804369
4021,567545.5077581287
4022,567545.0273800886
4023,567545.0273560677
4024,567544.3788246352
4025,567543.4059187919
4026,567542.3730766401
4027,567541.5442008564
4028,567541.3521548518
4029,567541.0038934737
4030,567540.7156434695
4031,567540.7156086392
4032,567540.7155918245
4033,567540.7155894225
4034,567540.7155738089
4035,567540.5174495599
4036,567539.5133634085
4037,567539.4544882225
4038,567539.4544834183
4039,567539.4521305728
4040,567539.4521005466
4041,567538.2654448694
4042,567538.1453512602
4043,567536.2201026512
4044,567536.2200570115
4045,567536.2176849492
4046,567536.2141310595
4047,567536.2116737231
4048,567536.1636156214
4049,567535.4430333079
4050,567534.3620907776
4051,567533.2931633733
4052,567533.0397376452
4053,567533.0385402042
4054,567533.0384357134
4055,567533.0373235465
4056,567532.8246528507
4057,567532.6445941079
4058,567532.6445511105
4059,567532.5833504627
4060,567532.566504617
4061,567532.5664589773
4062,567532.5663616927
4063,567532.5663532853
4064,567532.5663460791
4065,567532.164054167
4066,567531.9240002644
4067,567531.9239651939
4068,567531.8038896003
4069,567531.7438463988
4070,567531.6836927013
4071,567531.683657871
4072,567531.5636770397
4073,567531.443570219
4074,567530.8909819194
4075,567530.8908990473
4076,567530.6508865807
4077,567530.650756868
4078,567530.6506307583
4079,567530.5307857651
4080,567530.5307215094
4081,567530.5067582757
4082,567530.1344273717
4083,567529.1495849506
4084,567529.1495315043
4085,567529.1495206949
4086,567529.1494636452
4087,567529.1494486321
4088,567528.6691480593
4089,567528.6691414537
4090,567528.6690363623
4091,567527.9485353595
4092,567526.9516746899
4093,567526.3811823045
4094,567526.304304667
4095,567526.3019001767
4096,567526.0869012568
4097,567525.9896130746
4098,567525.7986638636
4099,567525.7266150244
4100,567525.3062453554
4101,567525.0059194524
4102,567524.6456590424
4103,567523.1887792327
4104,567523.1864011652
4105,567523.0723055706
4106,567523.0002188985
4107,567522.9762220357
4108,567522.7119286592
4109,567522.4717592163
4110,567522.4236456263
4111,567521.9792796951
4112,567521.7270784315
4113,567521.3788308655
4114,567520.5741323415
4115,567519.6612089268
4116,567517.2112089796
4117,567516.0341518073
4118,567516.0341253844
4119,567516.0317557242
4120,567516.0317172908
4121,567516.0305666905
4122,567516.023349616
4123,567515.9740263344
4124,567515.9739758904
4125,567515.9739566738
4126,567515.9739422612
4127,567515.9739326529
4128,567515.9619053964
4129,567515.9618309316
4130,567515.9608436733
4131,567515.9607932295
4132,567515.9020441531
4133,567515.8179638537
4134,567515.8179554464
4135,567515.3495626262
4136,567515.3495542189
4137,567515.3495145845
4138,567515.3255465467
4139,567515.2894755866
4140,567515.1934160726
4141,567515.1454121381
4142,567515.0601337971
4143,567515.0601133794
4144,567514.8991998814
4145,567514.7250376649
4146,567513.2837906464
4147,567512.8634275831
4148,567512.8634107686
4149,567512.8634023612
4150,567512.8633867477
4151,567512.8514147392
4152,567512.2148643229
4153,567511.3741321913
4154,567511.0138170137
4155,567511.0138105281
4156,567510.3052046669
4157,567510.18507923
4158,567510.185064337
4159,567510.1850504049
4160,567508.8987771203
4161,567508.898767512
4162,567508.6237333175
4163,567508.6237313958
4164,567508.6237268319
4165,567508.263299837
4166,567507.6629086576
4167,567507.5667914934
4168,567507.5667494569
4169,567507.5666749922
4170,567507.5666737912
4171,567507.5546633493
4172,567507.5427826202
4173,567507.5426817324
4174,567507.5426300876
4175,567506.5699380301
4176,567506.5170740703
4177,567506.5147068122
4178,567506.4930543876
4179,567506.4917692703
4180,567505.7051922211
4181,567503.5673347701
4182,567503.5000018309
4183,567503.4999910215
4184,567503.4999549902
4185,567503.4928772368
4186,567503.4916425634
4187,567503.4868443919
4188,567502.7385566313
4189,567502.2702191792
4190,567502.270218939
4191,567502.2702099312
4192,567502.1500599929
4193,567502.0299588171
4194,567502.0297039555
4195,567502.0296535117
4196,567501.609631545
4197,567501.5243526036
4198,567501.189098534
4199,567500.9610640812
4200,567500.8289522233
4201,567499.9882315015
4202,567499.8080748736
4203,567499.8080688684
4204,567499.8080514532
4205,567499.8080484506
4206,567499.7359930057
4207,567499.7239705534
4208,567499.723957342
4209,567499.7119973439
4210,567499.7119955424
4211,567499.6639507723
4212,567499.6638222606
4213,567499.6602887886
4214,567499.6591033579
4215,567499.6590649246
4216,567499.657881896
4217,567499.639822395
4218,567499.373292074
4219,567499.3684878972
4220,567499.1354336801
4221,567499.1354024529
4222,567499.1349052207
4223,567499.1348235497
4224,567498.7751522518
4225,567498.7751396409
4226,567498.7746496148
4227,567498.7746328003
4228,567498.6549295303
4229,567498.6549241256
4230,567498.6547343606
4231,567498.4148558105
4232,567498.294742384
4233,567497.83714575
4234,567497.8371409458
4235,567497.8358666379
4236,567497.8358606327
4237,567497.8143457277
4238,567497.8143235083
4239,567497.7302744362
4240,567497.5380959564
4241,567497.5140864826
4242,567497.5020400094
4243,567497.502030401
4244,567496.6612940658
4245,567496.1568981445
4246,567495.4302616075
4247,567495.4290101195
4248,567495.425465838
4249,567495.4254502245
4250,567495.4122567541
4251,567495.3761677784
4252,567495.3761461596
4253,567495.376130546
4254,567468.2325799726
4255,567467.8002322899
4256,567467.741348096
4257,567467.738952013
4258,567466.5271218491
4259,567466.5270930241
4260,567466.0467071771
4261,567465.5661123485
4262,567465.566100338
4263,567465.3861380391
4264,567465.3860830312
4265,567465.3858764516
4266,567465.3259247696
4267,567465.3259155216
4268,567465.3258936626
4269,567465.3258318088
4270,567465.3258314485
4271,567465.3258225608
4272,567465.3258165556
4273,567465.3258010622
4274,567465.3257831666
4275,567465.3257657514
4276,567465.325754942
4277,567465.2660212496
4278,567465.0257799841
4279,567464.6654823418
4280,567464.6654180859
4281,567464.6654150833
4282,567464.6654120807
4283,567464.6653646394
4284,567464.4732420082
4285,567464.0529816343
4286,567464.0528699371
