id,prix
3600072,572247.6
6200017,248192.44
7600136,413611.94
11200400,586270.75
11500890,811628.6
11501310,787325.5
11510310,725952.75
11510700,726463.94
13001795,365512.94
16000015,201664.05
23500190,571907.44
23520190,458209.88
34001304,538503.5
34001540,516046.28
40000228,162122.66
40000362,125634.664
42000006,217506.42
42000127,272230.12
46100204,1413907.2
46100504,1543929.9
49500090,353979.53
59000201,691899.1
59000250,708361.5
66000140,425719.16
66000265,381216.47
84000335,310228.62
87000213,227028.28
91000320,480862.06
98000750,978260.3
98020300,830298.3
98020310,771151.3
98020480,853324.9
98030160,842834.9
98300230,1260582.1
100100050,305817.7
100300280,311864.62
100300500,291527.38
100300530,290457.12
104510230,244587.98
104550540,246568.67
106000044,433313.28
109200390,214112.4
110000040,260512.9
114100131,531971.8
114100304,541824.06
114101540,377033.4
114700150,227521.56
120059044,406542.97
121059007,271326.44
123039147,405746.97
123039207,316221.6
123039346,329359.62
123039424,291927.62
123039626,277939.2
123059127,611247.6
126039213,348646.22
126039252,449728.72
126039256,423003.4
126039413,504817.66
126039467,747338.25
126039599,440418.62
126049217,367318.53
126059018,455881.03
126059021,436755.0
128500260,265680.0
133000070,168412.47
133000135,338498.78
133000271,349602.38
136000220,715691.2
148000375,878027.06
148000440,403468.72
148000590,713465.94
151000075,810764.6
170000215,779312.56
179000505,259277.9
179001046,215356.92
179001425,297126.16
182000350,376959.4
191100235,1038793.6
191100250,755938.1
191100410,1039131.4
191100672,1134050.1
194000145,796055.94
194000505,620850.56
200500700,523014.97
200520080,571392.9
200800200,549156.2
203101065,418783.9
203600140,568863.75
203600590,621152.4
203900380,354330.4
203900920,356568.25
205000120,687788.7
205000410,606585.44
205000450,657960.8
216500040,320593.03
223039254,319530.25
224069084,535243.06
224069129,504087.44
225039069,678406.3
225039082,801887.1
225039145,485154.66
225039175,680437.25
225039177,641405.3
225069013,692340.8
225069017,722726.7
226039075,718031.75
226039214,406108.53
226059103,462135.2
236500050,314929.0
239000155,512960.25
240000130,456708.12
241900020,369994.6
241900160,376331.06
251300260,307966.0
251500080,2656974.8
252000400,320727.1
253600150,363558.3
254000100,590304.3
254000695,373692.62
254000735,291454.62
255000270,411876.06
255370420,329220.03
255400060,837633.4
255450040,395632.75
255450410,350990.53
255550190,351155.62
257000057,208440.36
258500059,654804.56
259600330,485707.28
259600530,506469.53
259900160,669800.44
263000253,484055.47
263000324,763788.75
263000327,410893.8
269000070,634670.94
269000221,790166.44
269000615,731939.9
272000125,422897.84
272000620,352784.34
273800100,230078.48
280610020,869011.9
291310150,349390.75
291310340,582330.56
291310610,354511.8
293000036,476872.66
293000145,359937.03
293070010,841775.4
293070120,882542.7
293610040,601085.9
293620220,850957.8
293720180,406194.34
293760150,969120.44
293800120,735143.94
293800680,1226563.2
293910030,672745.5
301400320,229579.0
301400830,247440.61
301400850,235189.72
301400940,249008.9
301401410,270529.34
302000065,205091.44
302000375,225787.73
304100010,254227.48
305000310,687946.75
316000190,231946.94
321059091,298651.22
322059049,324996.7
322059095,284645.4
322069180,661332.94
323049176,373460.5
323089134,268725.5
323089173,418796.75
324069015,857994.2
324069058,565849.56
325059086,814370.94
325059131,495692.1
326069104,874972.0
339350150,740163.44
339600090,410316.78
345700040,270700.97
345700180,253277.7
345700340,255118.83
372000040,292269.5
375000230,566570.5
405100295,342065.62
408100050,331836.06
411100020,354416.4
414100630,356893.06
421000285,316743.94
421049116,219383.69
421049254,188546.12
421059018,314896.3
421079105,368965.78
422069067,447373.72
423049067,190553.89
423059360,407834.3
423059387,583956.3
424049043,787612.9
424069010,625839.06
424069018,811372.2
424069088,455665.53
424069206,772966.5
424069279,1341421.5
425049181,426182.2
425059103,571072.4
425069102,930748.94
425069104,684314.75
425079100,489246.5
426069095,506333.2
427000065,888941.9
430000175,533087.1
438000015,643864.7
442000175,500512.4
446000010,588942.8
452001890,702792.8
458000235,533330.1
461002050,434276.53
461003251,436329.7
461004195,449562.88
472000055,577015.75
475000004,431360.72
475000080,553717.9
475000605,812548.9
475001295,615872.25
476000017,479613.84
480000170,600630.0
486000520,1105158.8
486000565,940280.9
486000597,1046780.1
492000475,264062.6
510000641,676068.75
510002506,457524.12
510002519,443102.4
510002995,685114.8
510003230,596732.94
514500235,471007.97
518500210,669271.5
518500480,2170176.5
518500610,537636.56
521079025,771059.06
522039103,375817.75
522049122,254580.11
522069111,527505.0
522079022,568469.9
524059063,1937047.2
524059093,751880.0
524069011,716100.2
524069075,561679.06
524069115,881767.75
525049085,572979.56
526059183,409623.66
534000080,334334.97
537000075,278381.72
537000445,216891.73
538000390,309109.72
546000245,493270.9
546000910,664116.94
546001060,756725.75
558100090,605076.3
565300110,482309.72
567000025,840544.5
567000408,446917.22
579000096,637908.44
579000595,600810.3
579003240,723314.94
579003645,662040.06
582000065,734402.3
582000185,578577.06
586000020,1060761.9
587550340,569911.8
603000150,362506.47
617000089,234584.17
621069057,648950.6
622059019,377385.94
622100074,575939.5
623049093,194489.31
624111000,775132.94
625049359,438763.7
625069064,704590.44
626049058,450197.7
626059155,328861.25
627300145,1563167.6
629400340,908361.75
629420080,725113.4
629420260,743949.9
629420480,776502.4
629800520,1135303.8
629810560,855356.8
641900050,403607.84
642800130,803213.75
643000110,249698.9
643300010,480546.5
643400130,475880.75
644000040,1640089.4
644200065,927555.06
644210020,997234.56
646910560,259144.31
669000210,976515.9
686200510,619566.06
686200740,554427.5
686400060,562979.3
686400670,628811.06
686450080,711612.25
686550040,1617469.0
705700240,350722.8
705700960,289479.75
711000070,724967.5
713500030,1302127.4
717000225,298910.25
720079001,588556.25
721069087,608076.75
722039049,789789.3
722039087,300846.6
722079015,493648.2
722079104,387974.94
723000226,1117380.1
723049274,306584.75
723049301,322828.03
723069013,383193.38
723069135,519569.16
723099065,419713.16
726049184,291228.78
726049217,388128.56
726059344,426856.94
726059485,452291.8
732000160,265797.53
739980360,293031.62
740500010,255718.55
741500010,266194.75
745530180,925725.8
764000180,253282.28
765000060,374415.72
774101755,380446.28
782700150,347547.5
789000550,435258.78
795000820,216490.47
795002375,212729.81
797000258,377725.3
797000276,290858.1
798000337,286456.25
798000342,308878.62
806000020,243357.66
806800400,323954.53
806800420,285856.22
807800020,303496.75
808300310,427612.78
809001520,1330586.5
809002390,718583.8
809002435,794329.9
809002705,696940.94
809003160,591775.7
811000055,1258886.4
820079101,429169.97
821049123,352284.2
822039084,865270.8
822059038,298410.53
822059059,192900.9
822069066,388858.0
824059293,874407.7
824069188,676723.94
825059271,946911.1
825079024,661211.5
826069002,436039.47
826069016,633718.56
829000160,327280.9
844000425,237586.06
847100021,538854.44
853200040,2497285.0
853400240,753064.44
853600150,921809.0
853600310,1080666.5
855700170,487856.5
859000110,147589.28
866400040,560985.3
868000175,601704.3
868000305,409670.22
868000575,781280.44
868001435,1292067.6
868002080,648571.4
871000065,444860.7
871001085,591069.06
880000005,232962.25
880000189,239166.64
880000208,284003.0
886000015,300498.47
889000025,626170.6
898000220,233346.8
904000045,722469.6
908000010,445158.62
913000340,502586.06
920069053,201497.67
921049141,620538.1
921059132,350923.38
921059200,215868.06
922069169,492138.9
923000095,503135.78
923000115,623832.4
923000280,676259.8
923000425,907082.2
923049203,353164.38
923049468,185694.12
923059206,361751.03
924059233,647856.94
925049318,598568.6
925059078,628714.8
925069100,787035.7
925069123,501682.94
926069009,630187.2
926069142,688390.94
926069192,884031.8
930000415,1030686.3
936000060,406083.84
937000220,229799.33
937000330,218903.61
952000310,481082.28
952000925,382402.4
952001710,530013.8
952002250,436960.97
952003585,824052.44
952005000,549775.75
952006823,365044.78
952007055,428388.78
955000060,643945.8
968000120,367547.06
982850010,376443.78
984000710,271519.6
984100450,313213.16
984200540,327283.75
984210590,326589.4
984220290,300175.9
984220370,322965.84
985000900,231000.48
993000136,465845.8
993000307,376997.38
993001961,400416.03
993002177,437541.5
1003600056,226293.33
1020069042,580662.4
1021079099,419966.22
1023059223,305860.2
1023059324,260898.2
1023059465,516701.72
1023089228,346227.2
1024000050,918211.56
1024000100,741607.5
1024049006,723078.9
1024069009,639970.7
1024069205,1162286.5
1024069215,1120672.6
1025039320,1524800.8
1025049115,559155.7
1025059186,518488.8
1025069192,911644.94
1026049036,296522.75
1026069155,493152.47
1032000079,422130.9
1035000007,320634.16
1036000280,687092.44
1036400110,587515.8
1036400200,582534.5
1036450170,620257.1
1036700220,653668.4
1041440050,387561.06
1042700290,866241.06
1049000060,373617.4
1066100260,652713.94
1066600090,503819.8
1068000110,921236.9
1070000390,1183516.0
1072000260,350296.78
1072010510,406078.7
1073100030,322585.38
1074100020,309865.0
1074100110,398366.47
1075100050,338722.06
1075100090,397237.28
1077100035,333856.34
1077100070,419731.72
1081200350,349348.12
1081300390,385458.97
1084000107,1162088.5
1085610030,789757.8
1085623710,378011.38
1085623740,412682.16
1086100100,453235.06
1088800060,522213.3
1090000005,465921.75
1099600010,215925.9
1099600090,245089.14
1099600250,241554.77
1102000527,1124118.0
1102001055,469476.62
1105000402,714188.06
1109000175,391362.2
1115300270,782146.94
1117200170,840335.75
1118000301,2403694.8
1118001370,1130291.0
1118001631,1439864.6
1121039105,368545.7
1124000010,428209.44
1125069102,822518.6
1125079111,1513611.8
1126049095,586558.44
1126049103,389022.47
1126059091,610979.75
1126059095,562710.94
1133000036,398123.06
1133000235,655976.6
1133000694,430470.88
1136100072,521470.3
1137300690,708492.1
1137300890,620883.4
1137301780,570130.9
1137800230,466497.47
1138000250,396035.28
1138000830,456192.06
1138010180,446600.9
1138010220,393195.72
1138010530,407937.28
1139000069,316565.28
1139000215,389022.06
1148000190,253952.16
1149600120,696680.06
1150001270,627482.7
1150900060,818794.75
1152700220,408529.94
1155620190,375705.28
1164000040,223560.58
1180000830,551171.0
1180002745,296726.2
1180005050,308119.44
1180007005,220831.64
1180008370,445575.56
1186000035,785045.25
1189000030,889941.94
1189000492,472732.8
1189000645,687209.94
1189000910,540040.3
1193000115,548684.0
1193000380,878924.5
1193000450,834686.44
1193000480,965848.2
1211000185,440410.44
1214000050,352427.03
1220000100,268662.47
1221000395,245292.98
1221000562,318269.97
1222029077,488068.56
1222069089,331458.44
1223039173,401472.88
1223049150,275261.7
1223089077,718357.3
1223089083,651489.2
1224049095,1827510.5
1226039124,497098.66
1226039130,429867.0
1231000520,502031.1
1231000660,557806.7
1231001090,270060.72
1231001225,325230.53
1233100321,776750.3
1233100351,442950.75
1233100601,378684.0
1235100371,823525.0
1236300290,1195990.1
1237500540,449146.8
1238500281,528128.44
1238500451,449353.9
1238501116,528879.7
1239400570,774914.2
1241500350,619486.5
1245000438,882920.94
1245000461,1128740.4
1245000500,842419.9
1245001295,760369.1
1245001751,492155.53
1245001820,682368.3
1245003160,712880.44
1245003740,684660.7
1246700251,1090991.6
1250200418,339006.6
1250201175,418758.3
1250201610,995581.25
1250202255,477828.6
1250202285,947631.0
1250202660,799692.4
1250203335,1048390.56
1250203860,621103.56
1251200055,1106605.2
1254200835,548001.75
1254201106,553815.6
1257200060,618249.8
1257200115,741490.75
1257201420,1077910.6
1274500170,223000.98
1274500240,210772.69
1277000240,739309.5
1279300085,680739.5
1282300995,386055.88
1283800110,779882.94
1300300730,606851.3
1300301840,1102646.2
1310700210,293674.44
1310900260,312380.62
1310910290,311660.22
1310930100,565865.3
1310970380,306917.88
1310980070,272024.53
1311030430,1063386.0
1311800040,257635.64
1312900180,207823.98
1313300340,478590.4
1315300095,805907.44
1321720160,538652.4
1323089056,389796.28
1323089184,449578.66
1324300091,334176.22
1324300126,489488.12
1328300040,359200.06
1328300810,358882.53
1328310440,351664.5
1328330190,342151.94
1328330780,230463.4
1329500120,341918.38
1330250010,282670.9
1330300451,1079379.8
1330900050,546614.9
1330900250,618552.25
1330910280,926125.5
1331900020,896978.25
1332000100,769399.75
1332700020,273572.2
1332700270,260882.64
1336300610,946465.9
1336800065,1335236.1
1337300145,1711283.5
1337800855,861855.75
1338800491,1061562.4
1346300150,2863491.2
1352300990,153755.81
1355200060,817826.75
1357300240,347247.88
1370800935,975085.44
1370801020,1156802.1
1370801465,922297.4
1370801800,912633.25
1370802115,1702357.9
1370802620,579435.25
1370803180,1402139.9
1370803460,1186050.0
1370803820,639593.6
1376800115,526494.6
1377300135,535644.8
1383500070,475713.6
1388600110,231105.48
1393800005,369923.8
1400700150,778278.9
1402000210,451014.06
1402200070,378021.72
1402600570,302999.25
1402600700,394793.62
1402660150,372375.53
1402950190,319750.66
1402950450,306054.84
1402970020,402132.1
1421069208,534843.9
1422200090,628507.2
1423069095,568125.9
1423089134,486819.28
1424059154,1383841.4
1424069044,391887.75
1424069056,1067113.2
1425059174,474959.88
1425059193,1110484.8
1426300842,418397.8
1427300120,471015.72
1428001160,608976.06
1430800100,336675.4
1430800191,247660.45
1432400065,189308.62
1432400095,218100.05
1432700420,257323.81
1432700880,226484.48
1432900030,246993.3
1432900240,288737.0
1433290010,439342.25
1433500050,617693.6
1437500015,235411.92
1437500035,276450.8
1437580480,1000049.5
1438000190,482137.6
1438000360,500654.2
1438000430,470320.47
1438000440,506442.75
1440500020,316952.56
1441000350,405676.38
1441800250,494020.75
1442740140,377503.25
1442860160,398336.3
1442870040,488818.16
1442870050,515603.66
1442870420,521997.6
1442880610,516996.72
1443500395,335287.03
1443550080,493813.28
1445200190,277927.72
1446110020,500244.16
1446300020,570260.44
1446400564,225123.16
1446401190,168612.94
1446800181,251168.25
1446801000,315606.84
1447600285,220541.25
1449000270,641569.3
1453600182,288885.66
1453602065,388806.4
1453602310,304373.6
1453602313,304396.06
1454100127,633650.56
1454100480,341434.8
1454100650,883168.5
1454600156,1319379.2
1454600256,625685.3
1455600015,596563.94
1455600045,604538.56
1463400047,338835.88
1463400081,271163.53
1465400120,518864.47
1471620240,354349.3
1471630350,344736.22
1471701200,435031.97
1472700200,547163.9
1472800160,517718.66
1473120140,423809.53
1473120390,423867.7
1473120730,462137.9
1473200150,324070.5
1492800296,482335.6
1493300057,450876.34
1494300060,514692.03
1498301168,327049.8
1498302783,444848.03
1498303700,809770.1
1513800080,587108.0
1513800170,459884.2
1518000070,315435.34
1520069052,312857.4
1522039105,787096.4
1523049083,192419.03
1523059201,474787.97
1523069086,386535.78
1523069204,499549.03
1523089266,463872.28
1523300141,335050.44
1523550480,570388.25
1524059027,506105.8
1524079156,422079.88
1525039057,514202.03
1525059261,1781852.4
1526059051,497590.78
1529300135,339292.62
1545800730,253334.4
1545801410,282887.25
1545801630,263510.8
1545802830,275531.75
1545803890,263472.2
1545804340,311490.16
1545804460,287186.7
1545805460,272802.66
1545805730,276205.06
1545806720,334269.56
1546600565,705509.5
1552100135,1107056.1
1552800010,311569.97
1555200180,202076.61
1555300530,189342.69
1556200205,493761.16
1556200265,700448.75
1558500050,458078.44
1560920040,497833.0
1560920450,906835.3
1561600056,1598878.0
1561750040,1273399.2
1562000050,641675.8
1562100380,614078.5
1563102685,957062.9
1565600130,268644.97
1565950090,337416.12
1566100625,504016.53
1568100060,323986.88
1588600045,415365.0
1591600044,402518.75
1591600527,367223.84
1592000250,609094.4
1592000260,607817.25
1592000680,592472.06
1593000690,342606.78
1598600320,293034.16
1601600167,411484.06
1604600095,359566.53
1604600227,366355.47
1604600790,280137.38
1604601155,305255.62
1604601225,503751.5
1604601572,331019.62
1612500090,232550.6
1621069045,768834.75
1622049242,617867.4
1623049145,193632.66
1623049214,276878.16
1623300765,485825.8
1623800440,515084.3
1624049092,327965.0
1624049291,1044836.06
1624059219,768831.56
1624079088,861449.7
1625069101,1233728.5
1626069198,493525.28
1626079066,318442.25
1645000310,218800.77
1645000580,269719.25
1646501845,531540.0
1646501920,525363.8
1646502355,1061375.0
1651500060,925724.1
1651800010,1213471.8
1651800030,1610339.9
1653500070,1476006.9
1657530010,274899.1
1657530450,297243.2
1665400165,259527.86
1668500090,728580.7
1668500100,819947.8
1682000280,207443.33
1682500160,240877.3
1683600120,245070.77
1683900040,325958.97
1685200110,236432.23
1687000270,311170.12
1687910200,557247.56
1689401526,625913.56
1695900150,830670.4
1702901180,725155.06
1702901340,559697.94
1702901485,389319.75
1703400470,330250.06
1703400585,408050.44
1703401110,306091.72
1703900005,393976.5
1704900135,313763.06
1705400350,348709.62
1710400007,581409.3
1721059218,292512.5
1721800190,261556.17
1721801161,301028.72
1722049154,502412.7
1722059021,279347.2
1722059235,309280.8
1722059326,250643.95
1724069079,1122196.9
1725059136,1864540.0
1725059187,539405.7
1725059259,496550.0
1725800280,473597.28
1726069060,717518.3
1726069179,562188.8
1727500010,385377.1
1732800175,914885.2
1732800184,487587.66
1736800920,453090.3
1742800430,435961.34
1753500100,288673.03
1760650280,320101.62
1760650750,313884.88
1760650900,326208.12
1761100080,220970.94
1761100190,231778.1
1761600050,365437.22
1769600066,654561.8
1770000330,512298.03
1771000430,297654.56
1771000690,295656.5
1771100330,364689.94
1771100360,319801.88
1773100561,328477.28
1773100967,309824.8
1773101159,267713.34
1774000030,563419.06
1774000170,456121.25
1774000330,507974.94
1774000780,462292.66
1774200060,654473.75
1774200230,662280.56
1774220400,596604.44
1775500050,421182.22
1775500362,635584.9
1775800280,591072.25
1775800420,458605.8
1775800510,417581.72
1775801020,447718.25
1775801340,417217.34
1775910460,432063.3
1776460110,445135.84
1777500060,643828.4
1777600210,716867.0
1777600490,736941.4
1778350160,913006.5
1778350270,706403.1
1778500620,1070824.2
1785400770,507630.22
1785500132,320984.44
1786200010,434811.06
1786640030,314518.0
1786830090,595657.8
1787600165,477488.06
1788300020,198614.44
1788700295,222513.8
1788800630,163347.83
1788900230,162174.08
1789800020,357758.53
1794500870,598652.9
1794501415,842525.1
1795900120,573415.25
1796000120,452552.4
1796360990,225148.97
1796370180,280336.94
1796380310,244209.06
1796380330,243311.72
1796500100,255195.47
1797500780,528415.4
1797500985,837780.7
1821069072,363836.97
1822039138,844750.94
1822059331,249467.73
1822069041,478701.44
1822360080,582929.44
1823049179,437816.1
1823049202,303859.44
1823059159,189235.03
1823069088,340585.4
1824059079,903235.06
1824079052,1003242.56
1825079070,511736.88
1826049362,501964.25
1828001220,608303.9
1828300100,752705.3
1829700080,331658.47
1830300090,771202.1
1832100030,1285056.8
1839900080,336550.03
1839920160,434593.12
1840200080,257120.33
1841500050,326733.72
1842200040,426593.62
1843100070,362957.75
1843100580,345074.1
1853080130,847302.9
1854900430,693165.8
1854900470,666627.5
1861400060,763443.2
1862400132,388814.75
1862400176,865196.25
1862400292,362371.75
1862400518,366970.34
1862900690,240128.34
1862910050,286662.22
1863900225,230820.58
1864700300,324926.88
1868900035,674880.2
1868901120,591344.6
1868901295,703605.56
1870400605,622678.4
1870400615,664601.75
1871400585,207149.77
1873100390,699128.9
1873400020,406233.03
1890000170,524911.8
1895000045,243279.58
1898200100,354573.44
1898310110,261092.25
1898600050,226221.36
1898900040,402978.0
1900000035,243235.9
1901600095,217063.83
1912100875,558100.5
1919800090,634866.06
1919800260,688061.3
1921059045,172189.03
1921059310,225522.69
1922039062,560833.06
1922059135,227362.56
1922059197,265924.44
1922059282,315951.4
1922059401,224672.03
1923000150,1070696.1
1923000260,2913112.8
1923300315,575843.4
1924059278,932004.7
1924069105,799440.0
1925059200,1340818.8
1925069121,1112821.2
1925069199,732780.1
1926049210,317961.97
1926059236,921691.06
1926069035,442391.4
1929300052,840719.3
1929300415,861475.9
1930300190,647945.1
1930300410,569901.9
1931300035,653840.9
1931300175,580475.75
1931300688,509329.53
1931300815,538869.6
1931300955,433700.62
1934800022,414776.62
1934800138,371131.12
1934800162,374760.34
1937300280,413266.06
1938000140,801053.8
1939000040,766966.56
1939110310,782945.3
1939130120,723746.5
1939130420,641207.0
1946000100,456137.3
1951700480,599987.0
1951820070,571735.5
1953400570,351727.8
1954400060,498509.6
1954440060,500988.84
1954630080,674282.2
1954700365,736204.6
1959700225,700391.0
1959701890,1016212.94
1959703070,1036916.06
1962200036,649309.25
1972200139,577089.06
1972200326,526738.5
1972200426,482690.5
1972200554,571251.3
1972200728,601579.9
1972201161,364943.66
1972201963,496136.9
1972202187,549273.25
1972202505,538090.3
1973800150,557524.1
1974300020,535007.44
1982201255,422718.4
1982201485,613385.75
1995200215,523547.9
1997200245,503248.56
2008000130,431789.94
2008000270,216235.2
2008000550,267492.2
2009003136,469309.56
2011000120,249747.06
2011400520,331995.4
2011400710,365424.75
2011400779,417762.56
2011400782,275859.34
2021200370,1131782.2
2021200530,1038108.44
2024059052,1058723.1
2024059059,822501.5
2024059110,1127292.9
2024059127,1018743.56
2025049064,769987.0
2025059204,1122910.0
2025069065,1696576.1
2025700130,273335.0
2025700860,273951.53
2025701360,263226.94
2025800080,318557.0
2026049184,615412.5
2026079016,418242.88
2028700570,507992.47
2028701000,595674.6
2044500142,433087.4
2050100210,897654.8
2061100265,503783.97
2061800045,421517.22
2064800830,447067.88
2068000270,1451915.4
2071500011,432909.78
2087700115,592501.4
2105200010,420885.72
2112700920,317704.4
2113700790,275619.88
2113700825,253642.94
2113701100,242916.53
2114700040,399697.06
2114700115,346824.66
2114700368,295672.34
2114700540,264106.22
2115510330,300965.97
2115510470,291270.1
2117700065,344164.25
2122059077,233108.86
2122059216,436249.5
2122700120,351352.44
2123049086,241376.45
2123049114,165034.36
2123049194,231986.92
2123049498,232119.33
2124049254,244019.73
2125049120,964016.56
2125059161,1350209.5
2125059163,1263900.4
2126059219,469997.5
2126059234,981992.75
2130200160,313543.25
2130410050,339843.38
2130702350,373025.97
2132200230,272614.22
2133010290,399294.47
2138000120,419041.03
2140700190,473960.34
2140900100,273123.28
2141330050,830727.06
2141500070,473962.22
2143700676,210843.45
2154970020,1891833.8
2158900140,764034.2
2159900120,455607.5
2163900028,535658.1
2172000750,219818.31
2172000846,290834.7
2175100270,1019590.5
2188200785,195705.0
2188201010,234412.02
2193300390,626386.4
2193320210,547082.6
2193340120,518816.25
2193340140,527056.75
2197600451,508369.0
2201500440,415513.66
2202500150,392981.62
2203500140,406799.75
2205700345,482700.88
2205700350,396876.47
2206500110,474434.47
2206700280,404978.44
2207100165,488435.47
2207100255,393142.66
2207100635,447592.12
2207200820,443746.88
2207500695,982811.2
2211300260,401849.6
2211700160,505858.56
2212200500,265884.38
2212210360,235760.83
2212250080,736627.1
2212700180,288955.9
2212900180,220708.72
2212900470,212738.53
2212901010,230571.31
2214800270,302354.94
2215450060,321412.56
2215900410,335622.9
2215900800,324710.53
2215901310,320181.34
2221800080,310055.3
2222039011,438715.4
2223059099,265226.97
2223069112,539201.25
2223089053,443605.28
2225039081,481036.4
2225039130,1255273.5
2225059336,1044165.0
2225069062,609703.0
2225300149,353662.34
2227900040,406623.06
2228900195,488231.56
2235000015,300413.16
2241700075,306983.03
2249500367,899987.0
2250000010,335548.5
2254100090,819931.2
2254501095,588049.25
2254501335,517009.72
2255500123,638146.9
2260000210,586110.0
2264500350,577799.94
2267000453,363207.72
2268000370,185998.38
2268000500,206047.92
2273600250,492742.06
2273600260,570815.06
2287000060,797460.4
2287000330,760027.8
2287400030,318815.38
2296500036,498747.3
2296500131,676738.8
2296500136,763411.2
2296700050,497463.6
2301400470,555484.06
2301400655,589714.3
2306400010,519738.3
2309000060,510888.84
2309710130,323855.03
2310000430,292369.97
2310000440,263036.38
2310100180,350773.06
2313900740,376724.06
2314300420,360215.0
2316800020,535653.5
2320069206,230556.9
2320069248,197212.19
2322059039,265764.12
2322069116,468719.44
2324039069,456096.53
2324059314,866596.9
2325039057,557278.5
2325039067,584742.7
2325069054,432707.6
2325300060,306536.3
2325400040,336754.03
2326079039,312401.16
2326600130,1103651.0
2327000110,895969.75
2328800130,285265.84
2329500260,268465.4
2329600280,236986.6
2329700440,192745.5
2329720040,511826.22
2329800430,265016.72
2329810590,289538.4
2331300505,716834.2
2344300180,1118584.6
2346200050,851896.1
2349300069,303519.5
2354300910,375251.2
2354300915,250508.73
2356800020,426528.75
2372800100,251335.12
2379300330,330140.56
2385200050,503831.06
2386000020,1048017.8
2387000110,773302.9
2391600335,825319.2
2391600950,542759.25
2391602500,544253.1
2397100155,495496.5
2397101075,773852.44
2397101270,675174.6
2397101460,709750.44
2402100575,1016904.3
2407000110,285888.72
2407900550,409215.75
2408800120,408183.38
2412100025,384004.38
2413300730,277692.0
2413900050,738211.3
2414600255,360963.1
2419600005,368023.62
2420069201,230690.67
2420069242,170356.75
2420069268,193064.5
2421069039,365165.8
2422059015,287684.6
2423020090,435974.25
2423059060,620633.3
2423059104,376330.7
2423069170,577609.9
2424039036,309888.16
2424059035,1062584.8
2424059116,1118177.5
2424059127,1143223.0
2424059174,1552722.8
2424410110,358876.06
2425049066,1732143.1
2426039247,318874.88
2426039314,274287.1
2426059071,602091.25
2428100080,839710.7
2428100130,810901.06
2432000130,608248.7
2436200025,696632.0
2436200185,1167766.5
2436200320,555690.8
2436700610,646140.44
2436701200,671789.0
2447500015,540673.6
2450000275,643853.8
2450000295,1151941.2
2450000320,654692.2
2457200120,409138.84
2459000020,308101.22
2459900040,574503.3
2460700260,276218.1
2460900020,486864.6
2461900375,725656.8
2461900448,559320.6
2461900492,378687.75
2461900760,526004.94
2464400280,924537.75
2465400036,862058.94
2472920680,445053.28
2472950120,270406.06
2473000470,399858.34
2473000720,333794.12
2473100280,358276.97
2473100450,303856.44
2473100510,244853.75
2473350930,378593.0
2473360060,269598.22
2473370050,299854.66
2473370890,339042.38
2473372170,393326.94
2473372250,297000.4
2473400110,280935.4
2473400340,293918.72
2473410360,357093.03
2473410690,329030.78
2473420100,305295.2
2473480560,398078.12
2473510090,328150.16
2475200140,328019.56
2475200590,272570.9
2475201070,234839.52
2475900855,370133.7
2481630070,968448.8
2483700095,569818.06
2484700145,557045.06
2487200490,830514.0
2487200680,377981.8
2488200459,392648.4
2489200230,570054.8
2490200220,517621.97
2492200055,426463.44
2492200280,427474.72
2493200215,564964.5
2493200435,423792.94
2508000020,316323.16
2516000486,384036.97
2516000515,602301.0
2523400205,530438.75
2524000050,1429035.1
2524059269,1016753.2
2525000510,303181.16
2525000690,314568.53
2525049086,2103200.8
2525049259,2249434.8
2525049266,1480258.0
2525059134,500861.6
2525300380,269221.9
2525300540,204225.38
2525310040,231032.73
2525310310,289495.72
2525500260,300478.75
2530800070,647328.44
2533300025,724058.9
2540820010,709490.7
2540830020,446287.5
2541100050,574584.5
2557000380,304809.53
2557000630,290130.62
2558610070,436639.28
2558650200,474382.38
2558720120,453151.3
2561360120,408725.34
2564900470,778890.5
2568200120,774157.7
2568200140,774446.7
2568200170,797949.56
2568200290,766779.6
2568300040,604811.9
2568300210,543212.56
2568800160,431699.97
2569600150,224440.53
2571910260,293645.5
2579500181,1389332.0
2581300010,1169807.8
2586800140,186643.48
2586800210,396340.9
2587910180,252973.81
2588800006,236661.62
2591010180,435371.44
2591010240,405903.28
2591010290,299375.12
2591720360,485412.94
2591730200,248619.36
2591780180,398299.53
2591820310,368575.56
2591830020,409234.12
2591850080,398853.56
2592220040,877240.8
2592400140,420909.12
2592400170,454223.03
2592400470,452621.4
2594200566,490052.97
2597000006,333005.2
2597150270,281422.53
2597490140,764501.9
2597490660,574917.9
2597500840,203144.06
2597520090,775937.44
2597520580,793190.6
2597530760,889634.25
2597550090,439963.53
2597650240,538512.4
2597690050,352058.72
2597800010,561410.9
2599000370,187435.94
2599200460,309343.22
2599200830,220181.4
2600000210,977778.2
2600010360,635112.5
2600020330,1028486.2
2600100300,739429.94
2600110710,540948.44
2600140070,906515.1
2600140120,840379.1
2600140500,801300.7
2600400030,754551.25
2607720440,410025.56
2607801120,821101.8
2608300030,334890.03
2612000200,354828.94
2613200025,260308.73
2616700520,248492.3
2617300160,416451.66
2618300080,231350.33
2619950060,522951.53
2619950350,445036.25
2620069195,301295.8
2621069017,394465.88
2621700010,596559.3
2621730220,762634.3
2621760480,340274.5
2622059138,290936.94
2623039018,624054.94
2623069031,725053.5
2623089135,438204.66
2624049115,371500.3
2624049117,388402.44
2624049185,380468.1
2624089022,384001.72
2624300080,821563.0
2625069070,1124495.2
2629600016,540420.0
2634500005,255170.36
2634500050,253812.5
2639400020,620604.44
2641800015,190311.16
2645500021,336951.16
2648000071,245896.45
2652500070,631553.5
2652500210,617517.5
2658000115,219245.61
2658000373,351698.84
2660500095,483100.97
2660500365,362969.66
2663000580,759993.4
2675600028,645620.6
2678100005,311290.4
2690100170,349056.5
2695600505,431038.88
2698200010,263602.3
2698200210,260964.14
2700200040,387315.16
2719100400,443759.6
2721049059,296900.38
2722059183,261844.06
2722059185,491873.97
2722059292,178761.3
2722069077,405196.44
2723069052,639079.94
2724049076,477287.34
2724069103,397603.6
2724069169,523907.1
2724200705,187772.56
2724201202,229946.38
2725069085,813710.9
2725069164,729229.44
2725079018,672237.8
2726079061,587901.9
2734100732,452410.03
2734100736,309510.25
2738640310,755013.75
2741100280,367503.28
2741100800,319667.97
2742100152,548225.0
2744000010,273481.4
2759500105,405879.84
2760200050,340312.56
2767600150,494355.66
2767600635,635968.1
2767600686,469697.28
2767601085,715614.94
2767601100,593117.5
2767601280,826100.9
2767601311,471835.56
2767601390,636717.75
2767601752,529009.06
2767602141,490050.47
2767603210,580690.06
2767603215,577649.56
2767603505,486259.0
2767604425,498505.9
2767604712,462825.44
2767704345,461581.7
2767704682,481552.84
2767704777,489216.2
2767704860,606568.44
2767800065,507507.25
2767800140,665024.8
2768200090,732913.0
2768301182,457731.66
2768301357,528588.25
2768301477,501578.53
2769600035,759727.0
2769600480,530002.2
2769600560,519351.38
2769602710,548462.06
2770600795,708015.8
2770600930,574197.3
2770601461,542439.5
2770604942,752158.2
2770605065,612381.5
2770606915,510333.6
2771101200,460305.2
2771101964,402517.12
2771104830,1277808.2
2771600350,692031.0
2771600550,1028672.2
2771602425,455596.38
2771602427,446478.4
2771604190,1010624.06
2771604226,478687.94
2771604791,559859.56
2776600002,476765.44
2780700020,409434.7
2781200090,398985.97
2781230070,466282.12
2781250110,375134.22
2781270210,219830.42
2781280150,215394.72
2787250240,572524.3
2787311190,266003.7
2787320430,272639.53
2787320620,244773.72
2787700060,350029.1
2787720140,377191.84
2791500020,249574.53
2792000010,474308.78
2796100160,286544.38
2804600005,762543.5
2806000560,844894.56
2807100155,294275.62
2810600022,322031.3
2813100100,541094.7
2817100900,274094.8
2817910220,459289.38
2818100060,984956.25
2818600010,1266777.0
2821079081,559942.4
2822049210,243010.62
2822049254,401514.12
2822069080,445767.84
2823059055,263879.88
2825059256,881804.5
2826049200,438027.5
2826049260,463239.72
2826049282,502322.88
2832100270,452068.75
2841500010,370740.66
2843200070,254763.83
2856100125,431326.9
2856100185,375357.06
2856102105,1035962.5
2856102280,498662.75
2856102336,572856.0
2858600083,611586.2
2862500060,841897.56
2867100007,584848.9
2867300190,499218.97
2869100080,689622.7
2872100445,503778.6
2873000920,247260.42
2877101745,936804.9
2877102651,744276.56
2877103070,650802.4
2877103111,596735.7
2877104316,686862.5
2878600200,496651.38
2880100795,650311.3
2881700231,381983.84
2881700273,375900.4
2883200760,702512.9
2887700995,631149.6
2887701420,411066.12
2887703186,579336.75
2887950020,241966.62
2887970040,283553.7
2888000020,447710.7
2891000750,201273.0
2892600056,240963.86
2893000280,290920.06
2895730070,956080.94
2895730280,980662.06
2895800640,280911.25
2895800710,286626.88
2896000450,586379.75
2896310120,588499.25
2896600020,409509.6
2896610210,342481.12
2902200076,771467.5
2902200915,707549.7
2902201300,638921.6
2909700070,476852.44
2916200065,449973.1
2917200475,344433.97
2917200645,433589.2
2919200280,592169.94
2919201365,832961.75
2919700109,388609.6
2921700060,583646.5
2922701305,533249.8
2922703235,349001.38
2923039017,368867.47
2923039243,346094.3
2923039264,643921.2
2923049372,273988.06
2923049399,328295.38
2923059064,248550.11
2923501130,639212.3
2925059260,1128245.4
2925059294,720810.25
2926049400,453513.62
2926049408,580999.06
2926049504,492661.03
2926049582,342245.38
2927600630,816682.4
2927600675,633769.2
2937300430,918699.56
2937300550,1022256.8
2944000050,1022826.25
2944010240,1050558.4
2944500330,364555.53
2944500340,290481.4
2944510080,296436.34
2946000285,249539.78
2946001950,242392.58
2946003580,237911.94
2953000090,244448.1
2966800010,341063.97
2968800626,306247.88
2968801105,234685.48
2968801130,380850.84
2968801510,446682.56
2972300140,403100.5
2976800115,304583.62
2976800145,320416.5
2976800749,231488.77
2979801095,568893.25
2985800030,498670.16
2985800070,532035.5
2988000070,393932.94
2991000160,309589.06
2998300060,650100.75
2998800040,563602.1
3013300510,419451.62
3013300895,373990.94
3019300090,625171.25
3021059244,213751.92
3022079080,703447.75
3022079094,703400.5
3022800010,395008.56
3022800260,393663.94
3023049143,714892.3
3023049186,506421.38
3023049256,303899.06
3023059071,387364.1
3025079003,443020.75
3026059011,794062.2
3031200230,400086.88
3034200067,599892.7
3034200087,673980.7
3034200142,398592.53
3034200399,666547.94
3034200410,347189.38
3034200516,401105.78
3034200885,350302.53
3037200045,392057.53
3039000010,464261.0
3041700570,493689.2
3065600270,217587.86
3066120030,1475155.5
3066200440,660115.6
3066410080,637853.56
3066410850,676935.2
3080000005,460711.44
3083000355,492780.78
3083000940,400438.88
3089000005,251559.53
3100500065,863945.25
3101500010,385454.75
3102700160,407777.06
3121059033,343791.1
3123039042,325925.34
3123039171,483658.72
3123049142,541612.75
3123800080,425261.53
3123800125,330935.88
3124089086,399254.53
3125079013,929855.75
3126049107,546969.75
3126049411,303243.56
3126059027,2343825.2
3134100023,1074699.0
3141600600,261686.55
3145600045,559730.1
3158500340,307497.97
3158500460,357010.66
3166900270,392796.12
3176600055,633844.8
3179102305,600979.8
3182100105,527906.25
3188100400,518099.34
3191000240,424529.56
3192000080,207413.39
3204300225,546556.9
3204300455,1338688.6
3204300860,802554.6
3204400040,269465.94
3204800520,364241.84
3204930170,667478.94
3204930510,789036.4
3204960200,771367.3
3205000310,364180.8
3210200373,240175.2
3210400060,229011.28
3211100240,332667.1
3211270160,402377.34
3213200180,635829.44
3216900080,303871.62
3221069035,489337.9
3222049024,411827.28
3222049055,692199.7
3222049159,654213.06
3222059130,623845.6
3222059206,306468.9
3222079083,460863.66
3223039010,408611.03
3223039013,382167.16
3223069019,340183.66
3223069118,628968.9
3224059107,702210.9
3224069026,384463.8
3224510290,912557.06
3224900130,217196.67
3225069239,825853.1
3226049045,376047.38
3226049270,689905.6
3226059083,626187.56
3226069049,1024574.0
3226079091,677747.0
3235100075,294167.8
3235100080,261630.44
3235390100,332674.6
3244500078,877261.5
3244500158,587041.25
3253500030,626180.6
3260000300,706825.6
3260000570,603118.75
3260000700,559458.1
3260100330,523430.38
3260350100,598880.8
3260590070,802693.5
3260810260,324112.34
3261020080,531548.1
3268000040,329860.5
3271800850,941005.9
3271800910,1713826.4
3275300040,228855.6
3275330120,280165.66
3275850020,725902.44
3275860240,774344.5
3275880100,709488.8
3275890310,605890.4
3276200280,263534.06
3276930380,685676.56
3276930400,654008.4
3276930420,669692.25
3277800729,274632.6
3277801431,276727.47
3277801450,354171.66
3277801580,453137.44
3278600240,366487.53
3278600670,320919.3
3278602170,350611.56
3278602490,390416.66
3278602660,259174.75
3278602670,261205.14
3278603000,534624.5
3278606200,389317.88
3278611450,457913.44
3278612370,374193.72
3278612450,436774.4
3279000460,225461.78
3288301410,476919.03
3291800120,240587.34
3291800780,370562.97
3293700105,376892.94
3293700482,403700.6
3293700521,409134.06
3294700101,270055.38
3294700421,312198.22
3295610080,896870.25
3295610350,861796.56
3295610490,872490.75
3295710150,245860.05
3295730040,625589.06
3295750610,267174.9
3296900160,428951.94
3298200620,368240.56
3298201170,351615.25
3298500690,410432.62
3298700110,362400.25
3298700946,215708.72
3300700470,348606.9
3300701185,391205.34
3300701440,425984.28
3300701615,739590.44
3300760020,640404.4
3300790540,265404.8
3303700376,636912.2
3303860030,497780.06
3303860160,439313.3
3303950130,374272.66
3303950220,343672.72
3303951600,334138.4
3304040130,343559.34
3304300380,640766.25
3306200010,231953.69
3306200240,211364.89
3313600266,189885.2
3313600340,184015.03
3317500030,1200397.0
3317500100,1248609.1
3319500299,315236.6
3322049126,206557.95
3322049201,245543.31
3324069541,797966.8
3324079089,985934.3
3327000140,209415.86
3330500705,294989.88
3331001285,324289.78
3331001765,454502.34
3332000135,336767.16
3332000195,242833.3
3332500085,609013.4
3333001997,339549.47
3333002790,275372.84
3336000230,281680.16
3336001316,233935.69
3339400515,465168.78
3340401555,267844.25
3340401570,304573.8
3342100785,247854.02
3342101785,535053.6
3342101937,785412.0
3342700491,748490.9
3343900781,295067.6
3343901340,300906.34
3344500183,410112.03
3345700215,651210.9
3347400525,210924.27
3348401382,312176.62
3352400325,255654.36
3352400351,238817.5
3352402195,190521.53
3353400092,304123.06
3353400120,163106.22
3355400242,316172.44
3362900810,489665.62
3374500240,358486.16
3374500250,374324.1
3374500290,302549.25
3374500520,360801.72
3375300370,257792.45
3379100130,487299.12
3380900160,457539.56
3383900048,590768.75
3387800380,246161.11
3387900390,254148.73
3389900800,444036.78
3389900965,697556.2
3390600025,382513.88
3392100050,182686.83
3392900080,617841.06
3395040200,286336.8
3395041206,298410.9
3395300180,569989.4
3395800305,297561.8
3395800660,246986.4
3396820150,690651.94
3401700031,496858.12
3407700047,787135.2
3410600080,645012.6
3416600111,577539.9
3416601021,484836.25
3420069060,665412.5
3421059049,415105.66
3421069020,353728.78
3421069044,401506.53
3424069008,626772.2
3424089119,555585.06
3425059066,642329.2
3425069117,1151002.9
3426049031,1283198.4
3426049153,479860.38
3438500037,447185.38
3438500114,393054.75
3438500168,380779.56
3438500742,425232.06
3438501327,348378.7
3438501700,304015.06
3438501862,331866.6
3438502200,410449.0
3438502290,510724.8
3438503140,286093.12
3438503223,370908.9
3448000270,376585.38
3448000410,358341.4
3448001285,432752.47
3448002285,491878.66
3448700070,422819.25
3448900320,567804.0
3449500035,350264.34
3454000060,937470.0
3456000160,805466.06
3459100300,417789.1
3459900230,2097127.9
3463400330,511524.53
3475000080,688978.4
3491300082,816843.1
3491300180,599010.25
3500100078,313848.12
3501100050,366513.34
3512100110,277668.5
3521069146,486771.3
3522900061,458985.6
3523059056,378082.25
3523069060,333439.72
3523089019,773011.1
3524039144,686629.94
3524039204,895636.5
3524049042,393917.44
3526059115,592151.25
3528000260,853930.6
3528000310,995833.4
3528000510,973826.0
3528900160,599775.6
3528900401,1474976.6
3528900735,636475.4
3528900768,585981.4
3528960020,722489.8
3529000880,576751.0
3529300330,341495.03
3530200020,729679.6
3530200160,646201.7
3530400080,279942.97
3530420020,195204.66
3530510041,229123.9
3537900180,868756.2
3541600210,388206.7
3541600405,535580.06
3541600450,411071.12
3546000070,256935.42
3546000340,233265.89
3558900070,453145.44
3558900590,458291.28
3558910640,484999.66
3570000160,669989.6
3574800520,424391.03
3574800810,483406.47
3574801720,398964.9
3575302345,544806.4
3575302562,370945.25
3575305485,510471.97
3577000116,709594.0
3578400500,500449.12
3578400780,514541.72
3578401760,408443.2
3578700073,342732.1
3579000370,445614.9
3580900090,367542.84
3582200200,485276.66
3582750280,321895.34
3582900280,962829.7
3584000400,201668.81
3585220340,474882.22
3585300194,1509740.9
3585300410,875448.25
3585900190,1165881.8
3585900785,844411.06
3586500770,691954.9
3586501135,619798.6
3592500565,779408.0
3616600003,1457971.9
3622059155,306466.2
3622059180,394762.66
3623059027,286324.56
3623500049,1018299.4
3624039102,418840.22
3625059140,554216.94
3625600190,1168262.6
3625700080,1096573.2
3625710100,1409187.0
3626039028,383026.34
3626039271,495853.62
3629000080,210928.53
3629160060,643033.06
3629700030,631626.4
3629910210,661788.7
3629910370,640336.1
3629921140,826628.0
3629960060,363740.34
3629970610,423554.9
3629970930,722787.75
3629980860,647105.5
3629990180,490163.1
3630000080,430688.7
3630010020,430797.47
3630060040,357599.78
3630070010,369868.0
3630080070,415587.38
3630080120,368437.2
3630090050,705610.44
3630110340,779045.7
3630160610,762494.75
3630180380,765937.3
3630180450,775426.4
3630180500,1054780.6
3630200300,1209190.8
3630200460,700593.0
3630220140,791418.2
3630220180,854803.8
3634100030,376258.94
3644100072,255939.9
3644100086,331144.9
3649100031,449072.9
3649100276,400208.56
3649100304,412426.12
3649100346,395622.4
3649100676,565816.7
3654200039,395867.84
3655400060,409618.1
3663000070,503508.88
3668000070,211481.2
3668000500,268784.47
3668000810,233266.45
3668001080,266027.34
3670500465,376399.03
3670500605,296738.88
3677400445,458613.28
3679400025,503785.53
3679401110,317271.34
3693900985,491555.16
3693901801,520917.9
3699100130,589928.9
3702900185,818752.44
3705000120,262166.9
3709500180,435986.0
3717000250,284543.75
3723800097,416755.56
3723800409,554393.6
3723800414,607182.0
3723800415,378260.8
3726800010,361744.44
3726800285,386000.06
3732800495,407068.7
3732800525,382801.6
3738000070,1319041.9
3738900105,333390.97
3738900165,420715.66
3739500096,339863.1
3740000010,609715.44
3741600020,672798.06
3744000100,502317.34
3744000150,467132.66
3750603685,281625.03
3750605620,237467.75
3751606606,397944.22
3754501240,1820782.9
3754700420,416954.47
3755000020,348514.16
3755000060,371719.28
3755000310,357393.25
3756100160,902510.2
3759500006,786033.25
3760000030,568277.2
3760500407,1505196.8
3760500730,858749.4
3761100045,2456152.0
3761700053,2300992.5
3764800250,363299.6
3768000280,347214.0
3775300030,319844.47
3782100155,286217.7
3782760280,351350.44
3790600080,383771.9
3791410210,511469.22
3793500780,337748.6
3793501050,420034.03
3793501390,299630.56
3793501400,392907.9
3793700210,304507.22
3797000145,840975.25
3797002575,581960.56
3797300190,310786.8
3797700030,259579.19
3797710010,299863.78
3798000130,433331.2
3800000160,528779.7
3812400070,372289.53
3812400657,299572.2
3812400898,467279.9
3814700200,333047.03
3814900210,510661.88
3815500035,395674.88
3815500045,420073.12
3818700123,507284.53
3819750170,445722.7
3820350070,329208.34
3821200050,274617.7
3824100291,445139.4
3825310530,703874.3
3825500080,489902.53
3826000385,217097.38
3826000470,191857.11
3826000665,271353.25
3826500570,245222.08
3828000405,161763.27
3830200140,294906.2
3830620300,236153.62
3830630090,248129.78
3831200210,287080.34
3832050130,271156.22
3832060940,302211.78
3832200070,253213.62
3832500260,244045.55
3832710680,245784.17
3834500170,461280.8
3835500005,1054315.1
3845100550,428029.22
3845100640,394874.34
3852900026,498975.66
3856900590,689494.25
3856901435,685624.8
3856901715,525281.1
3856902996,422094.3
3856904560,659686.9
3856904580,699907.06
3859900060,3192845.2
3860900003,1079879.6
3861500330,242786.58
3862710030,457041.25
3862710090,406569.03
3869900120,461078.88
3869900136,510964.84
3869900139,490608.84
3876100320,509238.22
3876100940,515477.75
3876200070,439000.84
3876300890,458799.1
3876310300,435489.38
3876311350,450006.12
3876311650,545325.56
3876311860,404275.84
3876312010,434677.88
3876312370,405406.25
3876312840,435850.78
3876313100,419692.72
3876313260,459088.97
3876600120,258253.19
3876760430,256219.3
3876800580,299015.5
3878900270,458247.8
3878900464,317072.06
3881900317,627552.94
3882300100,519340.16
3885801970,643933.56
3885802135,934473.6
3885806565,1250314.1
3885808005,1345923.5
3886902445,418058.88
3888100117,476341.9
3888100226,776764.56
3889100029,770392.56
3893100456,962294.6
3900100265,524357.94
3900500110,632385.7
3902300100,538063.8
3902300210,562663.56
3904900610,483755.78
3904901330,449492.53
3904901450,485283.7
3904901840,432873.75
3904902500,720784.44
3904920730,733767.9
3904940160,573664.2
3905000540,682192.1
3905030190,571993.75
3905040070,521171.4
3905050240,520396.34
3905080730,553354.0
3905081070,525609.3
3905081800,565247.7
3905100280,470378.06
3905100610,491741.84
3914000090,411919.7
3918400017,419439.6
3935900005,822888.0
3935900232,326620.44
3943600140,323384.34
3955500100,478773.3
3956100190,484753.72
3959400400,536099.7
3959400645,654436.25
3959400710,379055.2
3959401284,436537.66
3964400120,583383.0
3971700510,377931.97
3971700560,453890.6
3971700937,284403.78
3971701300,299760.94
3975400190,597237.3
3975400260,757112.5
3977630270,218188.98
3981200250,431977.84
3990200065,417093.16
3996900125,298484.84
3996900555,379146.66
4006000423,355565.25
4006000580,312878.6
4008400515,276873.4
4012800010,408138.06
4013800206,201915.03
4014400190,481403.53
4014400292,448736.6
4019300195,740825.44
4019301300,507970.2
4019500030,526742.8
4019500160,516756.97
4021100095,420604.03
4022900125,503838.06
4022902050,481461.06
4022905172,513252.6
4022906430,541284.25
4023500352,435662.62
4024100496,394979.9
4024100961,374082.94
4024101050,295975.03
4024101421,349995.28
4024101478,449679.9
4027700321,406513.03
4027700396,516312.6
4027700799,333574.72
4027701265,542165.25
4027701275,294692.6
4027701291,500793.3
4027701294,441822.16
4030100290,2293055.0
4031000260,223491.14
4034900065,646399.1
4035900015,752378.56
4035900060,523500.3
4037000635,534895.5
4037200530,508781.28
4037200585,432727.16
4037200690,454098.88
4037500335,501230.56
4038000040,542959.25
4038200480,428569.2
4038300070,459402.38
4038400130,448734.88
4038400150,551171.44
4038700190,583466.44
4039000050,518626.66
4039300140,493698.06
4039300400,457083.72
4039400410,521895.56
4039800080,1410268.8
4040600190,530446.94
4040700310,518474.2
4040800050,427374.53
4040800090,449140.06
4040800120,433815.6
4040800360,442567.66
4040800600,469899.03
4045100190,1607590.8
4045500625,751229.75
4045500710,318958.9
4046500270,534601.3
4046500720,517138.8
4046601420,385998.0
4046700110,416250.84
4046700300,370542.97
4047200850,366425.06
4047200950,275931.4
4048400070,298255.4
4051150070,210654.36
4051150080,264230.03
4051150100,252929.5
4053200566,519500.6
4053200926,474175.3
4053200933,257614.84
4054500390,1267952.0
4054530260,1731291.9
4055700167,767385.75
4055700920,541749.0
4055701200,1523782.0
4058801065,270466.88
4058801240,366189.7
4058801310,242079.6
4059400515,194445.11
4060000440,193479.22
4073200575,431567.5
4074300150,437618.62
4077800029,599505.1
4077800088,618360.0
4077800247,510216.03
4077800507,497212.34
4077800593,373101.44
4078300050,753368.44
4083300070,788638.9
4083300510,559550.94
4083301120,614448.25
4083302485,732506.9
4083303815,805971.75
4083305870,665844.44
4083306175,567732.8
4083306620,605800.0
4083800555,545641.2
4083802425,607668.5
4086300065,510470.72
4099100210,626885.4
4099500605,1000055.25
4099500935,856879.44
4100000040,784370.1
4100000140,656304.6
4102000075,240454.97
4104900150,594311.44
4123800320,260794.2
4123840470,378825.03
4128000020,405358.22
4136880460,296534.2
4136890560,348168.34
4136930360,352494.97
4137000070,312024.38
4137000250,307905.06
4137000280,274488.8
4137000700,277568.97
4137010010,304365.94
4137060270,323411.28
4137070090,319348.38
4139420430,1370359.4
4139430910,1151411.9
4139440100,764439.6
4139440360,792329.25
4139440610,763275.44
4139440730,816858.3
4139440830,828236.7
4139460200,962466.6
4139480190,1131208.0
4139500410,1757450.0
4139660040,947869.75
4139700260,887757.44
4140090420,455510.2
4140500055,499002.9
4140900050,562419.6
4141000060,1185158.2
4141800285,1405867.8
4147200140,1198917.0
4151800195,683551.25
4154303655,501176.3
4157600150,692512.4
4166600115,1066098.1
4166600610,309919.97
4167300030,246173.64
4167960330,274204.22
4168000110,202932.92
4168100130,222764.5
4172100050,578398.56
4174600055,353199.9
4174600072,512689.38
4174600262,404216.62
4178310080,736913.5
4178600100,567545.56
4188000240,711598.94
4188000640,708767.6
4189800020,360666.0
4202400395,279349.84
4206901505,576536.94
4215250030,624430.75
4217400590,561457.75
4217401035,1393014.1
4218400005,1132721.5
4218400100,1793692.6
4218400671,1416586.4
4219400465,1072101.9
4219610320,537821.44
4221250090,558422.2
4221250120,595065.44
4222200210,230009.95
4222200380,262496.97
4222310010,223472.34
4226900211,453790.3
4229400015,486132.47
4232900250,646658.9
4232901990,546431.94
4232902335,1041766.4
4232902595,943750.1
4232903265,693223.4
4232903990,935317.1
4239410220,239065.55
4240400155,552769.6
4245400045,242207.69
4254000220,439675.56
4298100060,647108.06
4298100240,635176.7
4302201130,205504.81
4303200130,337490.78
4303200555,215572.88
4305500030,597367.0
4306500070,337841.47
4307310400,324212.84
4307350730,478180.28
4309700130,987275.75
4310700570,364485.97
4310702858,450221.1
4310702876,440818.56
4315700275,660119.8
4318200360,397135.38
4319200620,345396.5
4324200060,258621.58
4324500180,195719.16
4326000220,376382.6
4327600010,295980.16
4330600435,323112.84
4335000030,399342.5
4337000335,220518.89
4338800190,277754.84
4338800500,266277.38
4338800685,291283.84
4340000080,1312243.4
4340610080,258784.84
4345000210,255418.69
4345000490,265101.66
4345000510,269695.8
4353700200,522850.3
4354700010,408835.72
4358700186,310335.44
4363700200,337214.3
4364200125,437865.47
4364700585,444334.44
4365200445,317100.6
4365200505,336934.16
4365200620,381248.06
4365200630,414378.62
4365700330,261318.55
4379400490,680116.7
4379400580,694935.3
4385700285,691043.3
4385700425,1020357.2
4385700765,567234.6
4388000260,204993.06
4388600030,710593.0
4389200796,1561469.4
4389201075,1931915.9
4392200165,235849.86
4396000530,282028.5
4397010350,409388.28
4399200100,251982.89
4399210110,240283.9
4399210130,237199.92
4401200460,850880.75
4403200255,873812.4
4415600030,424017.66
4420600015,335966.78
4432600075,751812.5
4438000075,275447.16
4438000165,177564.6
4440400155,235853.8
4443800385,515591.28
4443800960,569301.5
4443801495,607351.94
4443801590,471528.56
4450700030,395788.3
4458800060,935299.8
4459800070,579984.5
4472000040,238592.47
4475000120,395066.38
4476400275,379118.4
5009600010,295131.53
5009600070,307924.53
5013500110,415557.38
5013500400,490159.66
5014600210,665794.9
5015000190,756861.7
5015000700,752411.9
5015001452,1018043.3
5016002180,902305.94
5021900175,669395.7
5021900635,1262649.9
5029450290,253785.03
5029450850,240754.25
5029460180,287315.25
5035300572,776764.7
5041300100,550720.2
5045700330,444498.9
5045700470,545149.0
5054800110,323499.3
5057100080,515359.12
5066400483,241128.38
5067400032,640108.25
5071400104,795671.7
5071401000,934889.75
5072400100,533890.8
5072410070,508010.28
5076700025,468512.06
5078400210,824998.06
5083000375,224760.73
5083100065,214475.56
5087900040,344853.7
5088500310,425393.88
5089700750,325672.84
5095400630,321238.94
5095400760,314948.97
5100400241,378266.88
5100402764,490661.5
5100403405,470564.34
5100403952,431945.9
5101402312,519155.6
5101404482,639818.2
5101405276,341143.47
5101405335,429276.84
5101405340,478030.12
5101406441,466682.6
5101406522,357091.4
5101407350,361605.03
5101407370,445853.47
5102400025,491031.4
5102400035,460781.84
5104200420,285371.25
5104450440,333849.03
5104450690,390976.88
5104450720,385172.1
5104510010,314970.06
5104510860,383046.3
5104511250,500397.22
5104511600,409444.75
5104512180,489128.06
5104520720,310863.1
5104520810,359566.6
5104530770,349869.7
5104531820,502365.56
5112800421,282858.1
5113400113,709016.25
5113400264,738298.44
5113400431,605785.06
5113400535,721994.3
5115000100,250582.6
5115000160,252203.88
5119010090,511100.22
5126210360,597258.6
5126300510,427175.6
5126300650,511961.8
5126900310,215445.86
5127000430,325340.28
5127000470,360286.97
5127001600,328949.3
5130000080,466320.25
5135000050,971123.25
5135000170,753516.0
5137800130,367434.44
5145100180,355361.6
5149300100,289794.12
5151600170,285131.66
5151600195,309637.7
5152000030,310658.12
5152100060,505193.72
5152920070,556231.25
5153100030,299695.66
5153200100,600624.4
5153200150,385904.6
5153200358,291604.56
5153200651,257750.42
5162100660,330764.25
5162100820,333024.94
5169700132,548622.25
5175800060,558777.4
5196420290,890195.1
5202500030,503293.06
5210200077,864376.1
5210200081,470557.6
5210200131,555956.1
5215200050,884396.1
5220300140,297722.56
5226500250,504967.8
5230300210,257638.84
5244801230,839058.3
5244801275,554816.75
5249800345,439902.72
5249800729,708261.9
5249802460,402344.97
5249802660,350190.66
5249803185,484609.88
5249803645,377921.28
5249803745,308642.56
5249804560,446304.47
5250300035,811598.0
5253300243,430756.78
5255200220,400596.78
5255300150,434793.25
5266300140,513405.12
5267000180,335941.75
5272200045,338421.1
5273200060,628383.2
5279100680,326700.5
5288200072,383498.12
5288200260,596454.56
5300200050,307613.47
5306100240,308691.8
5307100280,618490.0
5309100750,563985.4
5309101200,690869.9
5312100060,520334.28
5315100393,810739.2
5315100394,660781.0
5316100780,1821341.8
5317100570,1083650.2
5318101040,593960.44
5318101185,601672.0
5332200375,844955.7
5332200405,909198.44
5347200060,298388.94
5351200265,1453040.5
5351200280,876468.0
5363200100,908490.4
5364200620,995925.44
5366200205,443290.53
5379801920,581529.4
5379802090,207196.16
5379804150,767509.1
5379804470,270540.78
5379804690,298513.88
5379804730,163422.33
5379806590,252825.1
5381000072,354019.56
5381000477,416023.28
5381600110,262008.95
5393600507,305778.97
5393601690,419237.25
5406500480,624027.5
5409800110,370092.66
5412300100,243526.44
5412300410,235829.89
5415300060,510922.8
5416100020,279798.38
5416100110,358668.5
5416500040,304827.12
5416510060,444118.03
5416510830,303961.53
5418200295,504261.5
5418500970,858056.5
5419800510,254794.69
5422950020,337927.34
5423010350,795105.8
5423500240,197610.4
5423600100,588640.25
5424100030,338109.62
5427110040,1259978.6
5437810320,299190.94
5437820080,205439.53
5437820250,202401.27
5438000060,257021.7
5442300807,2692089.8
5448300150,583343.7
5450500010,927487.56
5450900140,1123189.2
5451200370,1051007.2
5451210150,867600.25
5451300105,1512619.1
5452800645,836880.0
5453700140,781644.0
5457300703,746959.1
5457800930,1427740.0
5458300580,482575.84
5458800415,696729.3
5459300040,710581.0
5460500040,1691432.9
5466350120,261344.19
5466380050,307241.38
5466400530,264796.8
5466400550,229884.53
5467900070,308662.28
5467910140,387442.03
5468750040,393677.0
5469000140,368732.34
5469300270,247483.67
5469500180,318470.62
5469500640,617880.8
5469501940,344806.22
5469502170,413742.53
5469502380,516088.47
5469502700,368057.3
5469502780,409880.88
5469700052,246264.33
5482700100,1004479.6
5490210670,512219.7
5493110020,2015341.6
5495200040,804685.06
5502700005,352827.16
5505700020,451658.84
5505700055,479358.3
5515600087,241051.17
5525400420,563071.25
5525400530,661817.2
5528600005,478710.9
5528600050,361752.72
5535600520,510775.03
5536100010,874487.8
5536500020,562615.06
5540000010,229530.12
5540800100,410320.78
5547700190,665297.1
5550300205,261677.72
5556300109,889323.25
5557800010,231094.06
5560000480,173322.22
5561000430,472971.75
5561000600,545556.06
5561300340,561161.6
5561300380,494683.66
5561300480,566653.2
5561301150,574087.56
5561301220,737662.9
5561400340,740656.44
5561400610,528386.75
5561401110,473859.16
5562100325,309709.5
5566100170,792164.3
5566100205,482709.88
5569620410,731759.0
5569620550,738501.94
5581400080,793153.44
5589900400,361122.56
5595900316,208890.66
5595900345,414547.1
5603700095,527966.1
5605000430,1039369.25
5608000840,860007.25
5608010420,767051.75
5611500100,732407.0
5612100065,376568.53
5631500254,521627.66
5631500594,385540.9
5631500947,572390.1
5631501202,604295.8
5634500201,440118.34
5634500415,435679.0
5634500775,517190.9
5636000210,377561.47
5636010280,280645.16
5637500070,420093.6
5637500094,482326.25
5643600351,316882.12
5651010300,370189.88
5651500140,230099.19
5652600185,720763.1
5652600605,545586.7
5652601035,414304.1
5652601330,419575.84
5652601425,531269.06
5667100025,366030.84
5667100045,432364.06
5668500045,374148.28
5672000020,252966.45
5694000706,477834.03
5700001640,949746.0
5700002285,529799.8
5700003280,1006945.5
5700003585,1728232.4
5700003640,1807917.5
5701500030,1056978.1
5702380630,240106.11
5702380730,229099.14
5702450250,346839.3
5702450260,369380.53
5703500130,273562.3
5706500385,213888.31
5706600150,201159.67
5710500230,519204.66
5710610800,631431.94
5742600115,684588.56
6003501535,691908.8
6018500015,190940.84
6021500320,607506.2
6021501780,516496.53
6021502300,540891.7
6021502750,546742.7
6031400071,255728.72
6031400092,362549.25
6054650510,402942.9
6055000430,648342.56
6056100114,401643.5
6056100312,307271.53
6056100370,413871.5
6056111067,287280.25
6056111350,370369.66
6056111430,335072.0
6064800090,378794.34
6064800470,350573.7
6067900060,640887.1
6071000030,791948.6
6071400360,570999.9
6071400710,589071.75
6071600340,502394.53
6071700160,692365.5
6071800310,550582.6
6072300110,574210.25
6072300800,701606.6
6072500490,540834.44
6072650250,587268.75
6072700110,692832.9
6072800170,1490605.4
6072800265,1672654.8
6073200020,455594.62
6073300040,475500.44
6073300790,378987.16
6073500160,422155.62
6079500230,689490.6
6082400191,258383.22
6084200100,359750.94
6084600330,240479.06
6099400030,407556.16
6099400053,169154.12
6116500290,691998.5
6117500955,425585.06
6117501820,238613.02
6117502220,1092057.1
6117502745,490994.72
6117900010,805661.06
6123000070,241598.78
6123000225,252382.61
6123600100,196844.08
6123600285,184081.1
6127010670,676560.1
6127010890,721156.4
6130500120,425942.62
6137610620,577843.2
6139100086,379178.28
6139800390,410012.56
6139800430,423682.28
6141100255,433695.03
6141100320,392431.88
6141100380,413492.16
6143600555,219465.16
6145600955,338072.0
6145601312,293835.7
6145601715,480154.6
6145601995,371449.72
6146600175,149746.39
6147650430,381768.72
6149700197,302136.03
6149700315,355920.44
6149700405,315355.88
6150200040,430104.38
6150200435,247066.4
6150700005,466305.38
6150700264,359377.0
6150700394,341263.1
6151800300,490200.53
6151800606,266128.8
6154900130,336025.34
6161000015,407418.5
6163900301,375609.66
6163900971,373219.1
6163901261,320714.3
6163901271,300347.16
6163901352,311730.2
6169901006,592975.5
6169901197,871924.3
6170900190,336221.5
6181400470,268578.84
6181430280,326741.75
6187100360,280179.1
6190000035,878041.25
6190500340,565600.56
6190500380,547964.94
6190701110,406949.7
6190701483,407599.3
6199000141,361173.97
6203000160,451719.56
6204050040,465722.28
6204050080,584642.25
6204200470,486366.06
6204200590,429933.62
6204420290,464434.7
6205500580,656043.75
6209000165,305031.94
6300000320,383016.66
6300000368,260409.11
6300000396,365621.06
6300500105,290322.8
6300500477,388172.1
6300500505,353778.6
6300500545,383569.12
6303400290,220225.52
6306100190,278643.88
6306400140,1079876.0
6306800020,446489.22
6308000020,693708.75
6329000070,740531.4
6344000060,874704.1
6362900007,414846.9
6362900145,420179.38
6362900171,516095.88
6370000070,463488.78
6372000101,473356.7
6372000190,608928.94
6379500227,495525.03
6380500135,340851.3
6381500110,352127.44
6381500265,364565.72
6381500690,380073.12
6382500076,541802.6
6383900090,926164.25
6384300020,465703.03
6384500535,448259.66
6384500581,585460.0
6385900090,240614.02
6386200100,403552.25
6386600130,218580.19
6386700110,249851.64
6388910280,673334.2
6388930170,493672.9
6388930570,474695.38
6392000625,482506.75
6392001810,482916.44
6392003490,534247.25
6399600115,274532.62
6400700389,850509.4
6401700010,438102.25
6403510130,497854.8
6413600123,442123.78
6413600151,431505.8
6413600192,278973.88
6413600290,328345.88
6414100231,414564.66
6414100671,495006.72
6415100297,504650.47
6430000275,530342.3
6430500293,457797.66
6433000050,324243.47
6437400101,270692.12
6445800120,640660.8
6446200305,609171.9
6448600060,1288293.8
6450301310,283064.25
6450301690,303313.66
6450303820,265172.06
6600000217,2234972.2
6600060140,422982.84
6600220380,526509.06
6600220550,434500.7
6600400370,224049.28
6600410480,174975.47
6600700030,495065.88
6610000591,996460.06
6613000140,1328408.6
6613000935,3086023.8
6619910140,690607.5
6620400205,190334.97
6623400050,238034.14
6623400193,248193.78
6623400217,239124.62
6624030050,406063.97
6626100260,737845.2
6632900354,270149.5
6635000110,707944.8
6638900115,362241.5
6638900461,718780.8
6641020050,540400.3
6641020160,452166.62
6647200060,432274.7
6648000050,334200.44
6648150040,1641992.4
6648760100,288418.1
6648770240,351650.22
6649300190,434086.0
6661200080,229475.64
6664000030,860220.1
6664500090,973586.1
6666830320,804373.3
6666830390,738923.9
6669080010,356095.53
6669200370,883843.0
6673050020,353699.56
6675500070,399975.66
6675500082,411926.34
6679000130,281307.53
6679000370,273915.66
6681500205,645896.06
6684500040,648967.7
6690500320,626495.06
6699000710,313741.03
6699000810,378488.25
6699930360,373115.6
6699930550,366750.75
6700390090,249017.86
6700390230,271540.1
6700400140,278324.2
6703100140,331705.8
6705850140,753871.2
6705870080,668496.2
6706600090,449853.62
6713700025,340046.9
6716700240,639702.75
6728700075,501359.38
6738700205,760239.2
6738700225,929510.9
6743700015,494074.84
6744700427,702602.6
6746700565,436288.3
6746700605,577512.0
6749700031,364199.84
6749700063,344259.88
6752600320,318188.72
6752601110,335188.62
6762700452,534088.1
6769200040,552298.9
6777800150,283230.78
6781200013,299956.4
6788200295,557926.1
6788201440,894011.4
6788201781,735846.6
6791000050,565359.75
6791000280,481974.47
6791050450,702014.9
6791400100,367220.38
6791400800,258317.62
6792200282,264177.34
6795100563,546990.5
6799300130,294222.8
6799300270,314020.1
6806100040,327182.22
6806300750,429611.1
6806300980,521025.75
6813600415,491971.2
6817750140,301178.5
6817800510,386063.66
6817801040,393100.25
6817850110,889537.25
6819100330,612455.1
6820100010,557506.8
6821100090,710304.9
6821101285,698231.3
6821101762,488120.72
6821101827,347857.97
6821101895,661084.44
6821102358,545817.6
6821102367,584345.3
6822100030,575346.25
6825100015,475655.2
6838700060,287835.2
6838800140,1491806.1
6844700810,409083.53
6844700975,527437.3
6844702290,496552.38
6851700381,1014107.06
6852700097,609616.44
6852700246,950518.06
6852700279,455059.8
6852700520,578635.6
6855100010,497870.28
6858700225,232022.14
6865200095,687827.44
6868200029,447920.2
6873000120,428569.78
6873000150,392806.12
6873000190,589730.8
6892510200,312540.28
6893300110,489626.16
6893300290,474849.34
6893300350,393429.44
6896300375,525890.1
6899990200,657449.9
6908200006,723379.2
6909700340,732568.44
6918700130,785341.94
6918710340,471921.25
6918730230,488364.84
6929600945,291936.8
6929602390,184710.9
6929603207,248690.19
6933600456,1077174.2
6979900360,722054.3
6979910120,634280.6
7010700110,492996.7
7010700550,662000.75
7010700810,824374.2
7011201016,667965.4
7011201550,844111.8
7016000440,471133.9
7016100570,493466.28
7016200460,458956.38
7017200120,308351.4
7100000110,375961.6
7104100050,517116.78
7116000350,140146.8
7116000425,147210.52
7116500125,245339.3
7128300855,411584.16
7129300400,451652.12
7129301001,648075.06
7129301578,609685.3
7129301851,370001.3
7129302235,356482.6
7129302615,374022.47
7129302806,451458.88
7129303045,850503.8
7129304225,429507.84
7129304375,184640.2
7132300550,443628.4
7132300695,475167.47
7133300380,790720.0
7135520780,729616.44
7137800085,198384.86
7137910360,226556.89
7137960440,294420.2
7137970210,281675.12
7138000260,258108.48
7147400045,284723.06
7147800015,250780.9
7148200040,235783.66
7148700050,411031.84
7148700160,387339.3
7151700585,1558469.6
7165700110,312750.6
7169200221,485035.8
7170200085,500012.1
7177300575,498384.16
7183000120,387850.4
7189800095,622410.8
7197350050,537361.0
7199000290,589447.75
7199320190,556942.2
7199320600,508196.9
7199330130,438057.75
7199330480,396885.7
7199360100,370408.88
7200001259,618129.56
7201600190,481920.7
7201900370,416420.1
7202260780,599554.0
7202261260,583972.6
7202270830,610519.94
7202290240,428243.88
7202330190,406744.53
7202330790,513167.6
7202331160,617764.6
7202340390,501893.44
7202340400,479998.5
7202340930,673646.4
7202340960,608051.94
7202430060,735212.7
7203100120,667870.6
7203101260,465879.75
7203101290,456649.53
7203101580,454284.88
7203101970,419791.25
7203102140,333460.84
7203180370,919257.6
7203220260,1059316.0
7203220310,901979.0
7203230040,985270.9
7203600530,461164.44
7205400180,225283.75
7205500120,266991.9
7205510230,258434.8
7205800040,456096.62
7211400506,253784.52
7211400576,269295.78
7211401610,242040.86
7212680460,341765.22
7214810510,502362.28
7214820610,460656.84
7215420160,421442.94
7215720420,686248.9
7215721070,528381.94
7215721350,552962.06
7215721570,585109.9
7215730120,622235.75
7215900020,1374040.6
7217400895,465918.8
7224000450,281043.34
7224000950,155548.53
7224500010,261341.92
7225000155,279436.0
7226500100,353090.97
7227500450,193103.25
7227500740,188385.31
7227502155,192806.67
7227502507,536107.75
7227800660,351969.84
7228500094,552741.3
7228500610,503737.6
7228501065,652327.06
7228501805,873693.7
7228502150,492704.6
7229100040,330387.25
7229100180,299665.94
7229800066,473918.6
7229800175,377731.75
7229800430,397451.94
7229900005,345469.53
7230200585,680141.8
7230300610,320132.7
7230900100,343806.66
7231501610,264398.62
7231501665,251939.78
7234600786,763213.5
7234600820,488989.5
7234600903,458259.84
7234601445,541055.0
7234601525,591839.7
7234601541,649365.0
7236300065,269204.84
7236500025,328329.1
7237300330,307700.3
7237450110,392345.88
7237500390,1499351.2
7237500530,1180396.4
7237501180,1134257.9
7237550100,1261306.6
7237550310,1315033.2
7237590010,183108.31
7238000240,433790.53
7243500015,312055.97
7243500025,449750.47
7254000050,556741.75
7254000100,587297.0
7254200040,362991.03
7276100282,445621.22
7278700070,604389.94
7280300042,664609.6
7283900036,315216.9
7283900521,371658.62
7291700065,455144.16
7298040500,493241.4
7298050110,540927.1
7299600920,308733.22
7299600950,300258.94
7300400150,357244.84
7300400320,389480.4
7300400580,358073.28
7300410010,363691.4
7300700050,329194.22
7300700056,444881.4
7301300150,314966.53
7301300215,385993.5
7302000500,368000.1
7303200450,236946.66
7304300430,316253.66
7304300905,323952.44
7304301231,350443.12
7305300090,350533.9
7308900490,633811.7
7312000240,560406.44
7319900345,442826.88
7324900016,1638300.1
7325600160,199567.67
7334401040,328450.06
7334500800,269924.66
7334501440,273457.97
7334600280,254398.33
7334602070,300248.34
7335400345,137895.9
7338000800,199949.83
7338001190,201437.06
7338402160,330096.6
7340600735,353727.44
7346600092,243828.17
7347600490,218504.6
7349650330,272044.44
7349800780,239685.83
7375300100,455063.88
7387500195,316368.34
7399200510,327153.25
7399300120,252795.02
7399300510,257744.95
7399301100,250322.08
7401000040,415807.22
7405700015,344102.12
7410200431,562994.06
7417700664,354421.3
7418700040,307981.9
7419700010,636314.1
7430200100,1055267.0
7430500301,687025.75
7431500341,1061772.4
7436900045,426425.56
7437100340,296100.3
7443000652,378404.1
7443000985,686845.9
7445000105,438987.75
7452500365,296366.53
7452500770,301189.97
7454000470,330643.28
7454000605,271909.03
7454000875,296255.22
7454001280,247346.44
7460000015,202153.64
7461400360,301924.9
7462900015,403755.34
7501000340,1055755.5
7503000020,396614.0
7504001430,489767.6
7504030090,683572.9
7504030220,623917.6
7504050090,877727.3
7504100110,666627.9
7504100360,646275.9
7504110030,756398.4
7504200250,554743.1
7507500015,366727.72
7511200020,529930.06
7511800070,246989.05
7518501140,449954.72
7518503490,444790.9
7518504291,535838.75
7518504775,550783.44
7518507580,567565.75
7518508625,619549.8
7519000170,550050.06
7519001321,569251.2
7519001990,406865.84
7520000440,261728.05
7522700110,228753.31
7523700245,220313.97
7523700305,247560.17
7524200330,247413.8
7524950710,525264.44
7524950730,640175.56
7525100060,562549.56
7525100520,396739.12
7525300240,744699.5
7537300210,563248.9
7548300170,660397.5
7548300326,487493.9
7548301050,428179.84
7549800045,481635.4
7549801395,358759.9
7550800015,538919.9
7550800736,556227.25
7550801170,503397.8
7550801220,479660.28
7551300060,459036.78
7555200230,758978.94
7558700030,4022298.8
7558800240,518526.66
7562100065,264348.62
7568700480,299024.22
7568700740,532597.94
7574000080,435512.25
7574910650,800706.2
7575500040,192645.11
7575600100,319465.16
7575600610,274696.4
7575620750,257032.05
7575700015,748367.7
7576700131,793803.44
7576700150,832981.9
7577700136,565015.3
7577700185,520153.97
7577700440,439485.25
7578200310,768484.06
7586200061,372209.47
7589200193,484436.56
7625701175,528776.75
7625701795,937316.06
7625701830,576771.94
7625701891,412870.03
7625702277,370866.62
7625702444,388881.9
7625702615,324132.97
7632400400,809959.75
7635800600,386777.53
7635801370,494083.66
7645900355,756508.2
7657000085,273028.34
7657600005,227942.73
7657600195,220018.5
7660100236,438497.1
7660100238,403191.62
7660100309,399774.47
7661600206,322962.47
7663700261,413512.6
7663700610,441613.6
7663700663,304906.7
7663700759,392083.2
7663700772,440531.28
7683800212,197166.42
7683900200,472175.25
7686202065,276814.72
7686202580,215745.31
7686203180,202971.38
7686205020,162097.78
7689600360,181910.8
7689600650,331756.84
7694600143,298113.12
7694800180,592822.3
7696600020,230002.05
7696630080,245775.53
7696630170,273105.2
7697000020,295034.22
7697000150,291266.4
7697920150,268781.47
7701930010,465600.12
7701960720,1056801.6
7701990700,805908.5
7702080150,592824.56
7702600930,426042.53
7708000010,353895.34
7708180040,543963.25
7708210040,622384.5
7708210070,578007.3
7714000070,388237.94
7715600050,383491.44
7715800710,465881.66
7715801040,442722.7
7732000045,730173.2
7732400490,652646.44
7732410370,837214.2
7732410380,798035.06
7732410420,740968.6
7732650120,810386.94
7738500185,340166.44
7739100155,614205.1
7740500070,419910.94
7744500020,385676.75
7749500160,232046.86
7760400480,271051.72
7760400900,300489.4
7771300125,543037.25
7772000010,444931.16
7772800020,711956.94
7772850060,335624.38
7774200236,270234.56
7779200105,758487.75
7779200355,562729.0
7784000110,695273.94
7784400035,715903.56
7785000130,947759.8
7785350010,739368.75
7787920250,564169.4
7788400065,322739.6
7789000120,253401.83
7796450200,257504.34
7796600070,238045.72
7796600085,250983.1
7800800160,362191.8
7802900224,601876.1
7802900380,345021.2
7805450110,744807.6
7805600070,231113.97
7806450190,493628.25
7809200035,302552.25
7811000020,589806.9
7811200310,583998.1
7812800155,188931.72
7812801115,218778.58
7812801125,209465.05
7812801700,212238.11
7818700410,500104.75
7819000040,386193.38
7821200390,476028.97
7831800110,293990.97
7831800395,276893.16
7841300230,338419.34
7841300285,218411.97
7841300535,243986.05
7844200050,307593.8
7849200861,280722.25
7849201061,390324.75
7849202231,308421.75
7849202296,318699.4
7851990240,831793.94
7852000010,477894.9
7852010670,740281.25
7852010900,537706.56
7852011020,584679.06
7852020250,665900.6
7852020340,539324.25
7852030960,411194.12
7852040080,537315.0
7852060490,319507.28
7852090680,543658.2
7852100150,471682.78
7852110050,526231.6
7852120120,769749.8
7852120140,706099.75
7852130550,518197.9
7852130640,449852.38
7852140040,505869.62
7852150120,376889.94
7852170140,638800.0
7853210210,423440.56
7853220120,631540.0
7853220740,647102.7
7853220910,544999.9
7853221010,466703.84
7853230570,434193.5
7853240200,584966.6
7853240560,620164.3
7853250070,662629.94
7853270740,638768.44
7853280350,700743.1
7853300280,524080.94
7853301220,470505.75
7853301520,750885.7
7853301930,423293.56
7853302190,395826.72
7853310380,617291.6
7853320550,397253.53
7853321110,394176.25
7853340490,347536.6
7853340960,522789.1
7853350090,650284.06
7853360250,578820.75
7853360990,399093.3
7853361210,336839.9
7853380480,580188.8
7853420110,596620.5
7853430660,697184.4
7854800090,774736.6
7855000460,1041777.6
7855200120,1058065.8
7856400410,1098473.0
7856560380,736019.44
7856560480,564137.06
7856570190,994756.2
7856601110,827186.9
7856610130,819899.1
7857000716,334214.22
7861000021,330943.56
7871500280,1040000.6
7871500440,714611.56
7883603425,255601.95
7883603945,330538.75
7883604065,312746.53
7885800290,381628.47
7885800740,324559.44
7888100090,220001.9
7888200140,285883.0
7889000125,235600.86
7889000160,185029.47
7889600080,201230.38
7889600190,261844.98
7889600285,323189.94
7889601165,281072.38
7889601300,259723.75
7889601320,190472.7
7891600260,259152.56
7893203450,243401.22
7893804340,400866.1
7893804845,289302.38
7899800863,266777.38
7905200061,431281.53
7905380080,478879.38
7905390220,484611.38
7915100490,563773.25
7920100083,463460.22
7922710320,502904.75
7922710520,537809.8
7922720040,649149.5
7922750020,538198.9
7922750150,619013.1
7922900030,908236.75
7925100271,373101.25
7931000053,398742.72
7932000041,567889.75
7932600140,421877.16
7935000595,951955.9
7936000252,617232.7
7937600380,376607.94
7937900040,801113.2
7937900220,801243.8
7939000090,288354.28
7940710070,410103.62
7942100310,251349.16
7942200050,271359.5
7942601155,436031.78
7942601805,759544.2
7950302150,281415.3
7950304095,331979.25
7954000125,545323.5
7954300330,554216.1
7954300620,540245.7
7954300740,575748.06
7955030060,370279.03
7955040130,466686.03
7960100030,640396.56
7961500010,298568.06
7967000160,327609.56
7968460240,293083.0
7968460270,286426.47
7972600676,299109.8
7972601885,299580.06
7972601995,233023.06
7972602080,245657.98
7972604425,306378.44
7974200776,577383.6
7974200820,913212.3
7977200720,604564.06
7977201709,546868.4
7977201865,550187.4
7979900552,318307.56
7981900110,416419.9
7983100150,181135.8
7984400050,216152.44
7986400360,803559.2
7986400945,480031.94
7986401275,721516.3
7987401010,677701.5
7999600180,153800.98
8010100135,566185.6
8011100047,548229.06
8016250140,274466.2
8018600870,241219.2
8019200925,283085.44
8019201061,206056.92
8024200684,388455.1
8024201055,377851.2
8024201795,432447.2
8024202170,551247.7
8026200080,349810.9
8029500180,325134.53
8029770470,536529.4
8030500010,482475.03
8032700070,637886.4
8032700072,534311.0
8032700175,543740.2
8035350010,528542.94
8035600590,360004.56
8039900360,372408.34
8044700010,574689.75
8045000180,510025.0
8045000340,550840.7
8062900070,341113.1
8069000075,824876.56
8069000216,365328.28
8072000035,313060.62
8074200185,361174.75
8077100031,695278.0
8078050040,225815.02
8078050140,252803.42
8078100140,328296.7
8078350220,613867.75
8078380090,589785.5
8078410280,563067.7
8078440140,541008.06
8078460050,649086.4
8078460320,583779.44
8078490330,283506.84
8078550190,303650.6
8078550250,304698.75
8078550610,305229.62
8078560140,278925.66
8078570460,284982.38
8078700020,519618.28
8081020370,1100767.8
8081500060,2095534.9
8081900195,583041.8
8082400011,524577.4
8082400136,692231.75
8083400066,747088.06
8085400055,1709797.1
8085400376,2502232.0
8087800020,482702.47
8091410080,251703.84
8091600080,221689.11
8092700220,258955.39
8093800200,417857.34
8096600050,435076.9
8096800270,269809.22
8096800500,306132.7
8099900490,477388.22
8100000090,281110.1
8103000110,314740.62
8106300090,406405.53
8108600464,331729.62
8113100850,368588.8
8113101000,428505.3
8113101670,415313.03
8113600004,627775.9
8121100255,386648.22
8121200460,522542.78
8121200620,519518.8
8121200710,535541.5
8122100835,285564.22
8122100905,377663.6
8122101115,453766.66
8122600020,339693.44
8122600195,396483.56
8125200480,650717.2
8125200481,317228.12
8125200483,265767.94
8126300410,562600.0
8127700210,610313.2
8127700735,1091812.1
8128600060,1016788.5
8129700255,679802.3
8129700644,815200.5
8129700728,607297.7
8137500730,498302.53
8141200080,754251.44
8141300030,344450.1
8146100610,722703.5
8146300180,720168.1
8151600142,348744.66
8151600590,367063.9
8151600663,284333.6
8151600900,452736.3
8151601190,251645.02
8155500020,568950.75
8155750010,248166.22
8155850010,851081.75
8156600210,1043306.25
8159300040,433867.8
8159610030,258535.52
8159620160,245293.28
8161000210,633512.75
8161000230,534578.3
8165100035,335057.56
8165500830,362211.22
8165501510,317262.22
8562710520,891242.7
8562720420,1234396.8
8562740440,687124.06
8562740480,721009.3
8562770350,571640.4
8562780190,318039.8
8562780290,323709.22
8562780430,354605.22
8562780530,357656.1
8562780800,310424.44
8562790480,624553.56
8562890280,328143.16
8562890560,373837.25
8562900240,728339.7
8562901830,574624.0
8562970040,729267.94
8563030280,631613.8
8563040160,595314.9
8564950280,538772.5
8566100200,1032348.6
8567300270,406753.66
8567450060,500651.2
8567450080,504480.16
8568700015,377831.9
8570900328,258212.0
8572900275,217989.86
8581200030,212302.75
8581400015,160983.39
8582010240,612332.75
8594400110,348963.56
8615800500,878124.7
8642600170,335950.53
8643200035,253630.03
8644210050,765765.44
8644400040,666653.3
8644400060,721208.75
8645500160,272954.94
8645511350,309517.3
8647800150,322155.3
8648100030,256815.45
8648210140,248081.75
8648700450,628212.1
8649400410,393398.6
8649900480,698574.75
8650300130,669803.7
8651400730,193853.28
8651401720,210742.36
8651402750,210120.14
8651402920,221475.33
8651410090,199320.12
8651410740,186133.0
8651430220,183859.7
8651430370,208549.73
8651430560,217815.89
8651430780,186514.44
8651440740,247537.19
8651441750,192700.89
8651442440,215931.84
8651442520,256236.12
8651510610,483109.56
8651511220,503766.1
8651511250,547091.94
8651610240,779482.3
8651611590,815606.8
8651611640,863176.8
8651720420,461890.16
8653600100,1153946.1
8658300315,329223.66
8658300455,306747.47
8658300510,497331.25
8658301535,278694.94
8658303265,291275.38
8661000033,232366.03
8662500130,260185.62
8663200450,477582.0
8663260030,444574.53
8663310010,440765.06
8663370060,416597.6
8665900070,463168.72
8665900336,426197.6
8670900140,1265067.0
8673400052,517454.3
8673400061,410230.38
8673400086,465330.75
8677900123,436733.16
8682250090,758139.2
8682260480,443696.4
8682260610,580327.2
8682260850,532534.3
8682261140,514913.1
8682262330,425911.5
8682280260,389551.03
8682281200,503769.1
8682281220,423566.7
8682282070,782656.75
8682291390,696093.8
8682291680,569571.3
8682291720,543091.6
8682291730,511493.84
8682292190,800990.1
8682300640,655569.2
8682300890,683145.0
8682301050,657594.6
8682310220,657487.75
8687800065,281899.8
8691300380,752130.25
8691300420,787609.3
8691300900,838109.8
8691310070,904201.56
8691370400,682168.3
8691370500,704725.7
8691390770,703149.1
8691391090,743212.75
8691410310,756485.56
8691440330,1318796.6
8691500990,521270.72
8691510150,314920.66
8691510170,351839.7
8691510310,368129.72
8698600080,334442.9
8698600395,209358.48
8699100321,317952.53
8699800070,382132.25
8700110020,255212.06
8700120520,251190.16
8700500020,246812.05
8701600030,481552.97
8712100530,807750.8
8712100790,1149538.5
8718500260,471574.44
8718500275,398098.53
8718500665,363817.28
8722100570,1044511.3
8725950220,912915.94
8728100781,336575.0
8730600050,785179.94
8731730590,257737.28
8731730710,215191.48
8731900200,285187.47
8731900340,254413.88
8731901810,274766.25
8731902680,257322.08
8731951490,286775.72
8731951670,267871.38
8731960050,329523.9
8731982250,256517.5
8731983200,262743.88
8731990090,495039.56
8731990370,427224.0
8731990440,310390.9
8731990700,381813.47
8732020310,269229.78
8732020440,297357.38
8732020770,295522.4
8732030080,236851.48
8732040180,274516.12
8732040810,251404.5
8732040820,272895.03
8732130580,258408.12
8732160250,262238.97
8732190460,271209.75
8732300060,846837.44
8732300430,771075.44
8805900080,651843.9
8805900570,782623.25
8807810890,342269.62
8818400155,674403.06
8819901030,855545.2
8820901792,868187.9
8820903080,336730.84
8820903555,468540.94
8822900122,345225.66
8822901200,489360.5
8822901301,300936.03
8823901445,794371.25
8827900560,605533.06
8827901060,689671.3
8827901350,775865.7
8827901415,637544.75
8832900135,732313.25
8832900360,632626.4
8832900550,702769.75
8835700250,862183.9
8835700330,768450.4
8835900086,821017.06
8838900167,639011.6
8849700040,258114.45
8854000010,556858.75
8854000370,505235.0
8856000545,163226.2
8856004327,271040.12
8856004328,277513.28
8856890200,351986.5
8856950240,306294.88
8856960280,316969.72
8856970440,341590.84
8856970530,302319.25
8856970570,325502.38
8856971000,292825.5
8857600540,288798.47
8857640040,381098.78
8857640170,432970.78
8859000045,499696.44
8860200010,323454.25
8860310120,661207.06
8860310240,595375.56
8861500065,561305.94
8861500080,677048.75
8864000440,170719.38
8880600070,271028.78
8887001140,641765.44
8887001640,519839.34
8892900180,219064.78
8894200150,1054672.2
8899000310,258541.31
8899200110,263238.7
8899200570,309213.6
8899210320,339450.53
8901000143,562938.94
8901000585,448675.7
8901001290,396841.06
8902000267,610496.9
8910500150,372844.9
8911000445,322500.84
8914100170,556542.5
8917100153,601934.6
8923600020,1460126.8
8924100370,1201734.8
8924100430,552114.25
8924600020,1621646.9
8929000230,539095.6
8929000270,506713.2
8931100095,739027.25
8941500010,735223.1
8944300010,227055.31
8944360290,529718.75
8944360390,515857.53
8944750730,337884.44
8945100320,199793.77
8945100530,184723.25
8946390040,390200.72
8946750020,273246.75
8946750030,239086.45
8947800080,307255.66
8948500025,376821.8
8952900260,347999.3
8956000250,548640.0
8956200070,377767.72
8956200560,395098.03
8956200760,517334.22
8956200990,421377.28
8960000030,235404.97
8961950410,323308.2
8961960160,530021.3
8961970190,661398.3
8961980290,696563.44
8963300005,392412.47
8964800050,1650628.5
8964800370,988464.8
8965410150,968401.2
8965500880,985847.5
9100000040,492449.0
9103000393,1254021.4
9106000050,647489.1
9117100130,296717.56
9122000385,582753.1
9126100814,514758.66
9126100861,525660.3
9126101201,323252.53
9136101335,599020.56
9136103027,541104.56
9136103130,548438.75
9136103136,520560.75
9144100007,552675.5
9151600106,675648.94
9158100075,431833.1
9158100090,573648.8
9161100075,920750.6
9161100460,428413.2
9165100130,457842.4
9165100330,486315.25
9170500060,589564.8
9178600560,531449.2
9187200095,629008.75
9194101388,429687.6
9195700380,480278.75
9198600035,277042.28
9201000030,966075.25
9201000320,816793.56
9201000460,580352.1
9201000480,533443.2
9201000610,931051.44
9202650210,563972.5
9211010320,532708.5
9211500520,228177.25
9211500560,230679.17
9211520150,270404.25
9211520400,256962.11
9221400600,499829.62
9222400510,451515.66
9238430300,564077.75
9238430680,605395.75
9238450430,313723.6
9238480020,629345.44
9238500480,504761.7
9238900616,568749.94
9244900248,632925.0
9253900271,2842868.8
9262800255,322941.12
9264910300,340019.6
9264920270,354954.12
9264921140,273691.0
9264930400,287896.3
9266701115,416340.53
9268200300,498090.16
9268200658,392344.28
9268710220,193739.95
9268850480,352083.56
9268850860,682976.44
9268851670,636042.8
9268851740,609697.8
9268851800,444285.72
9272201318,582595.5
9274200028,368454.97
9274200320,639997.7
9275200080,339610.34
9275700005,1130524.0
9276200850,440503.84
9276201140,540901.56
9277200111,611183.25
9278200131,430994.72
9282801030,328563.97
9282801720,302867.16
9284800085,429304.97
9284801165,325939.47
9284802215,529588.7
9285800055,568545.9
9285800590,485248.25
9286000110,1388849.2
9289100170,462560.3
9297300055,723349.5
9297300500,358682.0
9297300590,522995.3
9297301065,563474.6
9297301190,398935.12
9301300215,1192875.1
9301300270,1497862.9
9301301145,553170.4
9307300100,542902.4
9315600050,2123521.0
9320350020,506771.78
9320990110,304788.53
9321010130,243890.34
9322800230,826695.2
9323610260,630353.7
9325200120,494157.97
9325800005,269840.6
9329300040,422116.56
9331800580,330684.3
9334800140,329474.88
9346930250,684337.2
9346950050,595377.2
9347900020,233827.58
9348500220,553497.3
9348700020,820563.2
9350900550,938155.75
9352900222,249647.2
9353300820,298882.8
9357000650,446036.6
9359100500,1808357.4
9362000040,2669282.5
9368700031,190465.08
9376301112,453361.53
9396700028,348809.75
9406500310,237411.28
9406500530,243823.0
9406520260,328141.8
9406520580,292225.6
9406530160,330121.1
9406590250,313888.72
9407000920,243498.47
9407001340,284472.7
9407001500,279939.8
9407001620,294328.0
9407001700,236942.6
9407101840,323868.8
9407102460,278204.97
9407110680,266035.44
9407111100,295662.0
9407600250,247522.6
9408300310,605640.3
9408300380,843792.8
9412200260,480372.12
9412200330,415215.62
9412200660,452746.62
9412400220,2225325.5
9412700550,283690.22
9413500350,508159.2
9413900035,1399323.2
9414610070,466373.94
9414610240,506111.28
9415950020,295746.94
9417400110,412845.34
9429400060,406974.0
9432900040,310208.75
9432900180,316107.25
9432900250,319907.56
9432900380,276645.25
9433000060,835418.94
9438300035,403223.6
9445300045,688870.7
9448300061,292970.44
9448300115,380914.84
9454200030,400368.22
9455200205,489626.3
9455200329,482981.38
9455200445,457397.66
9465910070,483974.06
9465910150,580673.1
9468200109,1621579.2
9468200125,519139.78
9468200163,623895.7
9471201110,999590.44
9476200020,284702.4
9477000300,454224.28
9477000650,438947.78
9477001270,391483.12
9477001280,429941.47
9477101280,429809.03
9477200200,416732.3
9477201040,426534.9
9477201470,364115.47
9485300190,297602.0
9485740340,327070.56
9485760050,276064.72
9485940330,374484.5
9485951030,591975.75
9492500140,868037.7
9510300130,617509.75
9510860750,832724.06
9510860840,806832.3
9510861140,713578.6
9510920070,808460.5
9510930350,386975.66
9510970300,801385.25
9517200610,385644.03
9521100029,693832.7
9521100031,642277.6
9521100106,613603.5
9522100485,674989.2
9523100458,536885.6
9523102580,617546.75
9523103000,766328.44
9526600140,674060.1
9527310180,483525.34
9530101535,649959.3
9532000170,486039.4
9533100145,796471.0
9540100060,404498.94
9541600060,945178.4
9541600110,1037738.0
9541600255,781668.2
9541600280,591424.1
9542200220,988612.0
9542300320,817228.06
9542300430,742668.4
9542400010,781898.7
9542400025,841069.6
9542800050,295902.1
9542801120,260983.48
9542830540,341133.78
9542840410,303879.97
9542840730,275956.47
9542850580,819853.75
9543000945,251415.8
9545220100,589199.75
9545260100,732399.2
9547200530,793492.06
9547200790,634075.25
9547204930,513760.1
9547205610,657826.25
9550200265,560999.25
9550200370,629690.25
9550204450,690372.2
9550204590,895606.06
9551201250,636124.2
9551201295,525202.1
9551202875,811288.5
9553200125,624580.94
9554200200,500013.94
9558010190,350194.94
9558010230,336685.78
9558020840,348642.25
9558020890,304769.7
9558200025,253466.84
9558200210,220681.61
9558900010,526936.8
9560500105,725616.6
9560700010,547427.44
9560800310,514282.38
9560800390,469908.44
9567800435,400727.03
9572000080,318441.88
9578050120,1205697.2
9578060540,501302.2
9578090050,819429.7
9578090180,808115.1
9578200030,320151.34
9578500510,360480.56
9578500690,454527.1
9578500820,428364.6
9804500420,381322.9
9808100185,1869448.0
9808590460,1129401.1
9808610410,965581.25
9818700215,484735.06
9818700455,709528.2
9822700190,1189145.5
9826701665,550668.7
9826701765,430525.38
9828200147,568966.4
9828200605,665011.3
9828202325,378706.4
9828701488,433746.12
9828701565,718352.1
9828701747,566028.1
9828702262,510959.5
9828702265,585120.6
9828702339,616033.1
9828702389,554930.25
9828702518,509304.25
9828702667,477285.25
9828702812,532856.2
9828702902,500748.6
9829200250,1248939.5
9831200520,1361369.8
9834200390,514719.66
9834200925,376239.12
9834200950,455380.53
9834200975,559484.9
9834201370,446721.8
9835801000,260861.64
9839300125,651519.9
9839301055,584991.94
